Pair_ID,Trajectory_1,Trajectory_2,Common_Length_m,K_Skip,K_Overlap,K_Total,Signed_Mean_Unit_Spacing_Error,Skip_Overlap_Difference,Identity_Error,Trajectory_1_E_Folding_m,Trajectory_1_Integral_Scale_m,Trajectory_1_Skewness,Trajectory_1_Excess_Kurtosis,Trajectory_2_E_Folding_m,Trajectory_2_Integral_Scale_m,Trajectory_2_Skewness,Trajectory_2_Excess_Kurtosis,Absolute_Integral_Scale_Difference_m,Absolute_E_Folding_Difference_m,Absolute_Skewness_Difference,Absolute_Excess_Kurtosis_Difference
PAIR_001,C01_P1,C01_P3,274.6,0.7199824173609629,0.7188016692190937,1.4387840865800567,0.001180748141869188,0.0011807481418691923,2.220446049250313e-16,35.2,29.463167329595425,1.4036692987815818,0.92554745603139,28.4,23.4520666227128,-0.4728753972883918,-0.4368221453758623,6.011100706882626,6.800000000000004,1.8765446960699737,1.3623696014072522
PAIR_002,C01_P1,C02_P1,274.6,0.5414119020750474,0.5412143595535981,1.0826262616286455,0.00019754252144920395,0.00019754252144932316,0.0,35.2,29.463167329595425,1.4036692987815818,0.92554745603139,21.6,17.8504915637117,-0.9132270563780546,0.8671489327109643,11.612675765883726,13.600000000000001,2.316896355159636,0.05839852332042572
PAIR_003,C01_P1,C02_P3,274.6,0.3441313677294266,0.34358643747812145,0.687717805207548,0.000544930251305144,0.0005449302513051424,1.1102230246251565e-16,35.2,29.463167329595425,1.4036692987815818,0.92554745603139,38.0,31.32674433879733,-0.4338084142058662,-1.4553456342037197,1.8635770092019044,2.799999999999997,1.837477712987448,2.3808930902351095
PAIR_004,C01_P1,C03_P1,274.6,0.42107197996205253,0.42027832070311494,0.8413503006651674,0.00079365925893758,0.0007936592589375957,1.1102230246251565e-16,35.2,29.463167329595425,1.4036692987815818,0.92554745603139,32.2,37.87927055239695,0.4659549849571102,-1.0019019358159027,8.416103222801528,3.0,0.9377143138244716,1.9274493918472926
PAIR_005,C01_P1,C03_P3,274.6,0.7607620235370831,0.7590397581428494,1.519801781679932,0.0017222653942335219,0.0017222653942337018,4.440892098500626e-16,35.2,29.463167329595425,1.4036692987815818,0.92554745603139,35.0,26.95959783244563,-0.0522551847368007,-0.7661167299209501,2.503569497149794,0.20000000000000284,1.4559244835183824,1.69166418595234
PAIR_006,C01_P1,C04_P1,274.6,0.7657498465466046,0.7645598588796942,1.5303097054262986,0.001189987666910443,0.0011899876669103637,2.220446049250313e-16,35.2,29.463167329595425,1.4036692987815818,0.92554745603139,38.8,31.7690014004025,0.5429609892428743,-1.2651321476000783,2.3058340708070766,3.5999999999999943,0.8607083095387075,2.190679603631468
PAIR_007,C01_P1,C04_P3,274.6,0.5791934625565667,0.5766434870959266,1.1558369496524932,0.002549975460639997,0.0025499754606400638,2.220446049250313e-16,35.2,29.463167329595425,1.4036692987815818,0.92554745603139,13.0,16.52683851621324,-2.865758424412882,9.458655473657435,12.936328813382186,22.200000000000003,4.269427723194464,8.533108017626045
PAIR_008,C01_P1,C05_P1,274.6,0.7661205294410152,0.7650833934471233,1.5312039228881382,0.001037135993891765,0.00103713599389188,2.220446049250313e-16,35.2,29.463167329595425,1.4036692987815818,0.92554745603139,42.6,34.68691617598624,-0.6228101481585432,-0.775297699296114,5.223748846390816,7.399999999999999,2.026479446940125,1.700845155327504
PAIR_009,C01_P1,C05_P3,274.6,0.5484505981441498,0.5479131953669498,1.0963637935110995,0.0005374027771998238,0.0005374027771999357,2.220446049250313e-16,35.2,29.463167329595425,1.4036692987815818,0.92554745603139,25.200000000000003,27.68948238588642,0.5035448259256654,-0.2312441373528706,1.7736849437090036,10.0,0.9001244728559163,1.1567915933842605
PAIR_010,C01_P1,C06_P1,274.6,0.5156818497719512,0.5148148565565356,1.0304967063284869,0.0008669932154155896,0.0008669932154156124,2.220446049250313e-16,35.2,29.463167329595425,1.4036692987815818,0.92554745603139,13.2,11.262902816490314,-0.635977440877002,0.5787995669611563,18.20026451310511,22.000000000000004,2.0396467396585836,0.3467478890702337
PAIR_011,C01_P1,C06_P3,274.6,0.6156024219732441,0.612859890742519,1.228462312715763,0.0027425312307251416,0.002742531230725098,0.0,35.2,29.463167329595425,1.4036692987815818,0.92554745603139,9.6,10.635109379037832,-3.4914778328284672,12.691193603637164,18.828057950557593,25.6,4.895147131610049,11.765646147605773
PAIR_012,C01_P1,C07_P1,274.6,0.6938670982610551,0.6920702703491978,1.385937368610253,0.0017968279118572926,0.0017968279118573127,2.220446049250313e-16,35.2,29.463167329595425,1.4036692987815818,0.92554745603139,49.8,37.58662227262414,-0.2600865881882627,-0.8753203793931483,8.123454943028715,14.599999999999994,1.6637558869698443,1.8008678354245382
PAIR_013,C01_P1,C07_P3,274.6,0.4913038427298624,0.48990933942902215,0.9812131821588844,0.0013945033008402972,0.001394503300840233,1.1102230246251565e-16,35.2,29.463167329595425,1.4036692987815818,0.92554745603139,15.6,12.815269433811183,-2.0666673939712457,4.039239853097321,16.64789789578424,19.6,3.470336692752827,3.113692397065931
PAIR_014,C01_P1,C08_P1,274.6,0.6705154074045855,0.6692547566359943,1.3397701640405797,0.0012606507685911632,0.001260650768591165,2.220446049250313e-16,35.2,29.463167329595425,1.4036692987815818,0.92554745603139,55.0,43.64177917237282,0.4474869847156655,-1.5132456321012109,14.178611842777396,19.799999999999997,0.9561823140659163,2.4387930881326008
PAIR_015,C01_P1,C08_P3,274.6,0.5288619947157001,0.5277277207498478,1.0565897154655477,0.0011342739658523947,0.001134273965852306,2.220446049250313e-16,35.2,29.463167329595425,1.4036692987815818,0.92554745603139,58.0,45.85047296627704,-0.4222655496919911,-1.1309064867678158,16.387305636681614,22.799999999999997,1.825934848473573,2.0564539427992057
PAIR_016,C01_P1,C09_P1,274.6,0.6114929491159731,0.6105637005372216,1.2220566496531946,0.0009292485787515079,0.0009292485787514293,0.0,35.2,29.463167329595425,1.4036692987815818,0.92554745603139,15.4,12.550907870531372,0.156160652420342,-0.6233552161392946,16.912259459064053,19.800000000000004,1.2475086463612397,1.5489026721706844
PAIR_017,C01_P1,C09_P3,274.6,0.7045111579184827,0.7036117003573589,1.4081228582758416,0.0008994575611238895,0.000899457561123862,0.0,35.2,29.463167329595425,1.4036692987815818,0.92554745603139,47.400000000000006,41.47733192433871,-0.3275517866135125,-0.5413467672186711,12.014164594743288,12.200000000000003,1.7312210853950942,1.466894223250061
PAIR_018,C01_P1,C10_P1,274.6,0.7296458221156623,0.7288037431886323,1.4584495653042946,0.0008420789270302105,0.0008420789270300322,0.0,35.2,29.463167329595425,1.4036692987815818,0.92554745603139,61.400000000000006,48.04839655672359,0.0501482353316684,-1.2884630317235377,18.585229227128163,26.200000000000003,1.3535210634499133,2.2140104877549276
PAIR_019,C01_P1,C10_P3,274.0,0.6143210234453439,0.6129037541884846,1.2272247776338285,0.001417269256859289,0.0014172692568592549,0.0,35.2,29.463167329595425,1.4036692987815818,0.92554745603139,6.0,5.073903478101762,-0.0386797035986008,-0.441965691405108,24.389263851493663,29.200000000000003,1.4423490023801826,1.3675131474364979
PAIR_020,C01_P1,C11_P1,271.6,0.6614472628610378,0.6613353395461904,1.3227826024072282,0.0001119233148474269,0.00011192331484743967,0.0,35.2,29.463167329595425,1.4036692987815818,0.92554745603139,6.4,5.522465209787678,-0.2871785157788312,-0.1336104833641185,23.940702119807746,28.800000000000004,1.6908478145604129,1.0591579393955084
PAIR_021,C01_P1,C11_P3,272.0,0.5842760348586493,0.5851309667063839,1.169407001565033,-0.0008549318477345524,0.0008549318477345524,0.0,35.2,29.463167329595425,1.4036692987815818,0.92554745603139,18.4,15.913468672022562,-0.4208580503338558,-0.3358837517349125,13.549698657572863,16.800000000000004,1.8245273491154377,1.2614312077663024
PAIR_022,C01_P1,C12_P1,274.6,0.4856898375781563,0.48427478515710964,0.9699646227352661,0.00141505242104665,0.0014150524210466697,1.1102230246251565e-16,35.2,29.463167329595425,1.4036692987815818,0.92554745603139,41.2,32.7799241782221,-0.242299645561289,-0.5405839470219056,3.316756848626678,6.0,1.6459689443428707,1.4661314030532955
PAIR_023,C01_P1,C12_P3,274.6,0.6201574136525267,0.619597188461701,1.2397546021142276,0.0005602251908257233,0.0005602251908257694,2.220446049250313e-16,35.2,29.463167329595425,1.4036692987815818,0.92554745603139,16.8,13.612856105086433,-0.2456633712033578,-0.5813479143446298,15.850311224508992,18.400000000000002,1.6493326699849395,1.5068953703760197
PAIR_024,C01_P1,C13_P1,274.40000000000003,0.4979930625127279,0.4953257881773866,0.9933188506901146,0.002667274335341298,0.0026672743353413075,1.1102230246251565e-16,35.2,29.463167329595425,1.4036692987815818,0.92554745603139,11.2,10.08242476496059,-0.3829177362862536,-0.0189544463205986,19.380742564634836,24.000000000000004,1.7865870350678352,0.9445019023519886
PAIR_025,C01_P1,C13_P3,274.6,0.3404737331473144,0.3399085299403158,0.6803822630876303,0.0005652032069985217,0.000565203206998599,1.1102230246251565e-16,35.2,29.463167329595425,1.4036692987815818,0.92554745603139,31.0,23.720512880011427,0.540599905184819,0.2060869879268265,5.742654449583998,4.200000000000003,0.8630693935967627,0.7194604681045635
PAIR_026,C01_P1,C14_P1,274.6,0.40480619290874476,0.4033034916060629,0.8081096845148077,0.001502701302681908,0.0015027013026818747,0.0,35.2,29.463167329595425,1.4036692987815818,0.92554745603139,6.800000000000001,11.270433591597858,0.2021638256941889,-0.045111164156665,18.192733737997568,28.400000000000002,1.2015054730873929,0.970658620188055
PAIR_027,C01_P1,C14_P3,274.40000000000003,0.6081825069651651,0.605447036954288,1.213629543919453,0.0027354700108769953,0.002735470010877039,0.0,35.2,29.463167329595425,1.4036692987815818,0.92554745603139,5.2,9.379346353417676,-0.2710026256991154,-0.0030550817914076,20.083820976177748,30.000000000000004,1.6746719244806971,0.9286025378227976
PAIR_028,C01_P3,C02_P1,274.6,0.6540583021700246,0.6550415077904446,1.3090998099604692,-0.0009832056204200229,0.0009832056204199802,0.0,28.4,23.4520666227128,-0.4728753972883918,-0.4368221453758623,21.6,17.8504915637117,-0.9132270563780546,0.8671489327109643,5.6015750590010995,6.799999999999997,0.4403516590896628,1.3039710780868266
PAIR_029,C01_P3,C02_P3,274.6,0.7368176947298648,0.7374535126204287,1.4742712073502935,-0.000635817890564044,0.0006358178905638834,0.0,28.4,23.4520666227128,-0.4728753972883918,-0.4368221453758623,38.0,31.32674433879733,-0.4338084142058662,-1.4553456342037197,7.8746777160845305,9.600000000000001,0.0390669830825256,1.0185234888278574
PAIR_030,C01_P3,C03_P1,274.6,0.7336532608624874,0.734040349745419,1.4676936106079064,-0.00038708888293176313,0.0003870888829315966,0.0,28.4,23.4520666227128,-0.4728753972883918,-0.4368221453758623,32.2,37.87927055239695,0.4659549849571102,-1.0019019358159027,14.427203929684154,3.8000000000000043,0.938830382245502,0.5650797904400404
PAIR_031,C01_P3,C03_P3,274.6,0.4310477234529827,0.43050620620061836,0.8615539296536011,0.0005415172523643857,0.000541517252364343,1.1102230246251565e-16,28.4,23.4520666227128,-0.4728753972883918,-0.4368221453758623,35.0,26.95959783244563,-0.0522551847368007,-0.7661167299209501,3.507531209732832,6.600000000000001,0.4206202125515911,0.32929458454508787
PAIR_032,C01_P3,C04_P1,274.6,0.4935354045758078,0.49352616505076635,0.9870615696265742,9.239525041358618e-06,9.239525041448982e-06,1.1102230246251565e-16,28.4,23.4520666227128,-0.4728753972883918,-0.4368221453758623,38.8,31.7690014004025,0.5429609892428743,-1.2651321476000783,8.316934777689703,10.399999999999999,1.015836386531266,0.828310002224216
PAIR_033,C01_P3,C04_P3,274.6,0.5204897484809483,0.5191205211621776,1.039610269643126,0.0013692273187709124,0.0013692273187707604,2.220446049250313e-16,28.4,23.4520666227128,-0.4728753972883918,-0.4368221453758623,13.0,16.52683851621324,-2.865758424412882,9.458655473657435,6.92522810649956,15.399999999999999,2.3928830271244905,9.895477619033297
PAIR_034,C01_P3,C05_P1,274.6,0.3605404454839239,0.3606840576319012,0.7212245031158251,-0.00014361214797734549,0.00014361214797731225,0.0,28.4,23.4520666227128,-0.4728753972883918,-0.4368221453758623,42.6,34.68691617598624,-0.6228101481585432,-0.775297699296114,11.234849553273442,14.200000000000003,0.1499347508701514,0.33847555392025175
PAIR_035,C01_P3,C05_P3,274.6,0.606873818373725,0.6075171637383943,1.2143909821121193,-0.0006433453646693383,0.0006433453646692566,0.0,28.4,23.4520666227128,-0.4728753972883918,-0.4368221453758623,25.200000000000003,27.68948238588642,0.5035448259256654,-0.2312441373528706,4.2374157631736225,3.1999999999999957,0.9764202232140572,0.20557800802299167
PAIR_036,C01_P3,C06_P1,274.6,0.7227272346347545,0.723040989561208,1.4457682241959626,-0.00031375492645352074,0.0003137549264534689,2.220446049250313e-16,28.4,23.4520666227128,-0.4728753972883918,-0.4368221453758623,13.2,11.262902816490314,-0.635977440877002,0.5787995669611563,12.189163806222485,15.2,0.16310204358861025,1.0156217123370186
PAIR_037,C01_P3,C06_P3,274.6,0.4883913171549845,0.48682953406612856,0.975220851221113,0.0015617830888559018,0.0015617830888559614,1.1102230246251565e-16,28.4,23.4520666227128,-0.4728753972883918,-0.4368221453758623,9.6,10.635109379037832,-3.4914778328284672,12.691193603637164,12.816957243674967,18.799999999999997,3.0186024355400756,13.128015749013025
PAIR_038,C01_P3,C07_P1,274.6,0.3652938797968304,0.36467780002684197,0.7299716798236724,0.0006160797699883376,0.0006160797699884535,0.0,28.4,23.4520666227128,-0.4728753972883918,-0.4368221453758623,49.8,37.58662227262414,-0.2600865881882627,-0.8753203793931483,14.134555649911341,21.4,0.2127888091001291,0.43849823401728605
PAIR_039,C01_P3,C07_P3,274.6,0.5961583991441279,0.5959446439851567,1.1921030431292847,0.00021375515897134205,0.00021375515897126274,2.220446049250313e-16,28.4,23.4520666227128,-0.4728753972883918,-0.4368221453758623,15.6,12.815269433811183,-2.0666673939712457,4.039239853097321,10.636797188901616,12.799999999999999,1.593791996682854,4.476061998473183
PAIR_040,C01_P3,C08_P1,274.6,0.3949851201012752,0.3949052174745529,0.789890337575828,7.990262672222125e-05,7.990262672225024e-05,1.1102230246251565e-16,28.4,23.4520666227128,-0.4728753972883918,-0.4368221453758623,55.0,43.64177917237282,0.4474869847156655,-1.5132456321012109,20.189712549660022,26.6,0.9203623820040573,1.0764234867253486
PAIR_041,C01_P3,C08_P3,274.6,0.7073928289079194,0.7074393030839363,1.4148321319918558,-4.647417601679315e-05,4.6474176016886304e-05,0.0,28.4,23.4520666227128,-0.4728753972883918,-0.4368221453758623,58.0,45.85047296627704,-0.4222655496919911,-1.1309064867678158,22.39840634356424,29.6,0.05060984759640069,0.6940843413919535
PAIR_042,C01_P3,C09_P1,274.6,0.525574853901144,0.5258263534642615,1.0514012073654058,-0.00025149956311765415,0.00025149956311754096,2.220446049250313e-16,28.4,23.4520666227128,-0.4728753972883918,-0.4368221453758623,15.4,12.550907870531372,0.156160652420342,-0.6233552161392946,10.901158752181427,12.999999999999998,0.6290360497087337,0.18653307076343228
PAIR_043,C01_P3,C09_P3,274.6,0.3541551041676279,0.3544363947483731,0.708591498916001,-0.00028129058074514307,0.0002812905807451638,1.1102230246251565e-16,28.4,23.4520666227128,-0.4728753972883918,-0.4368221453758623,47.400000000000006,41.47733192433871,-0.3275517866135125,-0.5413467672186711,18.025265301625915,19.000000000000007,0.1453236106748793,0.10452462184280886
PAIR_044,C01_P3,C10_P1,274.6,0.3868467081054964,0.38718537732033537,0.7740320854258318,-0.00033866921483897744,0.0003386692148389936,0.0,28.4,23.4520666227128,-0.4728753972883918,-0.4368221453758623,61.400000000000006,48.04839655672359,0.0501482353316684,-1.2884630317235377,24.59632993401079,33.00000000000001,0.5230236326200601,0.8516408863476754
PAIR_045,C01_P3,C10_P3,274.0,0.5906541339445006,0.5891070337970129,1.1797611677415134,0.0015471001474878054,0.0015471001474877122,2.220446049250313e-16,28.4,23.4520666227128,-0.4728753972883918,-0.4368221453758623,6.0,5.073903478101762,-0.0386797035986008,-0.441965691405108,18.378163144611037,22.4,0.434195693689791,0.005143546029245716
PAIR_046,C01_P3,C11_P1,271.6,0.42268950193523935,0.41741848020596667,0.840107982141206,0.0052710217292727506,0.005271021729272685,1.1102230246251565e-16,28.4,23.4520666227128,-0.4728753972883918,-0.4368221453758623,6.4,5.522465209787678,-0.2871785157788312,-0.1336104833641185,17.92960141292512,22.0,0.1856968815095606,0.30321166201174377
PAIR_047,C01_P3,C11_P3,272.0,0.7051140226438378,0.7016360115474377,1.4067500341912755,0.0034780110964001917,0.003478011096400113,0.0,28.4,23.4520666227128,-0.4728753972883918,-0.4368221453758623,18.4,15.913468672022562,-0.4208580503338558,-0.3358837517349125,7.538597950690237,10.0,0.05201734695453597,0.10093839364094981
PAIR_048,C01_P3,C12_P1,274.6,0.6705257176284958,0.6702914133493182,1.3408171309778139,0.00023430427917769492,0.00023430427917758845,0.0,28.4,23.4520666227128,-0.4728753972883918,-0.4368221453758623,41.2,32.7799241782221,-0.242299645561289,-0.5405839470219056,9.327857555509304,12.800000000000004,0.2305757517271028,0.10376180164604332
PAIR_049,C01_P3,C12_P3,274.6,0.5451726073499278,0.5457931303009712,1.090965737650899,-0.0006205229510434388,0.0006205229510434229,0.0,28.4,23.4520666227128,-0.4728753972883918,-0.4368221453758623,16.8,13.612856105086433,-0.2456633712033578,-0.5813479143446298,9.839210517626366,11.599999999999998,0.227212026085034,0.14452576896876757
PAIR_050,C01_P3,C13_P1,274.40000000000003,0.6417384525799937,0.6430522118740754,1.2847906644540688,-0.0013137592940816103,0.0013137592940816178,4.440892098500626e-16,28.4,23.4520666227128,-0.4728753972883918,-0.4368221453758623,11.2,10.08242476496059,-0.3829177362862536,-0.0189544463205986,13.369641857752208,17.2,0.0899576610021382,0.41786769905526366
PAIR_051,C01_P3,C13_P3,274.6,0.6768316363929582,0.6774471813278288,1.3542788177207867,-0.0006155449348706532,0.0006155449348705933,2.220446049250313e-16,28.4,23.4520666227128,-0.4728753972883918,-0.4368221453758623,31.0,23.720512880011427,0.540599905184819,0.2060869879268265,0.2684462572986277,2.6000000000000014,1.0134753024732108,0.6429091333026888
PAIR_052,C01_P3,C14_P1,274.6,0.6684372896725722,0.6681153365117594,1.3365526261843315,0.00032195316081274586,0.00032195316081284897,2.220446049250313e-16,28.4,23.4520666227128,-0.4728753972883918,-0.4368221453758623,6.800000000000001,11.270433591597858,0.2021638256941889,-0.045111164156665,12.181633031114941,21.599999999999998,0.6750392229825807,0.3917109812191973
PAIR_053,C01_P3,C14_P3,274.40000000000003,0.5582918912640005,0.5595374548825464,1.117829346146547,-0.001245563618545913,0.0012455636185458863,0.0,28.4,23.4520666227128,-0.4728753972883918,-0.4368221453758623,5.2,9.379346353417676,-0.2710026256991154,-0.0030550817914076,14.072720269295123,23.2,0.2018727715892764,0.43376706358445466
PAIR_054,C02_P1,C02_P3,274.6,0.4963245513595915,0.49597716362973565,0.992301714989327,0.00034738772985590125,0.00034738772985587474,2.220446049250313e-16,21.6,17.8504915637117,-0.9132270563780546,0.8671489327109643,38.0,31.32674433879733,-0.4338084142058662,-1.4553456342037197,13.47625277508563,16.4,0.4794186421721884,2.322494566914684
PAIR_055,C02_P1,C03_P1,274.6,0.4994351923943542,0.4988390756568659,0.9982742680512199,0.0005961167374882596,0.0005961167374882725,2.220446049250313e-16,21.6,17.8504915637117,-0.9132270563780546,0.8671489327109643,32.2,37.87927055239695,0.4659549849571102,-1.0019019358159027,20.028778988685254,10.600000000000001,1.3791820413351648,1.869050868526867
PAIR_056,C02_P1,C03_P3,274.6,0.6536384457287887,0.6521137228560046,1.3057521685847933,0.0015247228727842531,0.0015247228727841566,0.0,21.6,17.8504915637117,-0.9132270563780546,0.8671489327109643,35.0,26.95959783244563,-0.0522551847368007,-0.7661167299209501,9.109106268733932,13.399999999999999,0.8609718716412539,1.6332656626319144
PAIR_057,C02_P1,C04_P1,274.6,0.6970006786512616,0.6960082335058004,1.3930089121570621,0.0009924451454612778,0.0009924451454611516,2.220446049250313e-16,21.6,17.8504915637117,-0.9132270563780546,0.8671489327109643,38.8,31.7690014004025,0.5429609892428743,-1.2651321476000783,13.918509836690802,17.199999999999996,1.4561880456209289,2.1322810803110426
PAIR_058,C02_P1,C04_P3,274.6,0.4837498101452627,0.48139737720607184,0.9651471873513346,0.002352432939190838,0.0023524329391908516,1.1102230246251565e-16,21.6,17.8504915637117,-0.9132270563780546,0.8671489327109643,13.0,16.52683851621324,-2.865758424412882,9.458655473657435,1.3236530474984605,8.600000000000001,1.9525313680348275,8.59150654094647
PAIR_059,C02_P1,C05_P1,274.6,0.5915743945094258,0.5907348010369834,1.1823091955464091,0.0008395934724423926,0.0008395934724424459,2.220446049250313e-16,21.6,17.8504915637117,-0.9132270563780546,0.8671489327109643,42.6,34.68691617598624,-0.6228101481585432,-0.775297699296114,16.83642461227454,21.0,0.2904169082195114,1.6424466320070783
PAIR_060,C02_P1,C05_P3,274.6,0.5601076030910884,0.5597677428353377,1.1198753459264263,0.0003398602557507104,0.00033986025575072354,2.220446049250313e-16,21.6,17.8504915637117,-0.9132270563780546,0.8671489327109643,25.200000000000003,27.68948238588642,0.5035448259256654,-0.2312441373528706,9.838990822174722,3.6000000000000014,1.41677188230372,1.098393070063835
PAIR_061,C02_P1,C06_P1,274.6,0.5439700616475077,0.5433006109535412,1.0872706726010488,0.0006694506939663727,0.0006694506939665112,0.0,21.6,17.8504915637117,-0.9132270563780546,0.8671489327109643,13.2,11.262902816490314,-0.635977440877002,0.5787995669611563,6.587588747221385,8.400000000000002,0.27724961550105254,0.28834936574980796
PAIR_062,C02_P1,C06_P3,274.6,0.5252580468774872,0.5227130581682112,1.0479711050456986,0.0025449887092759763,0.002544988709275997,2.220446049250313e-16,21.6,17.8504915637117,-0.9132270563780546,0.8671489327109643,9.6,10.635109379037832,-3.4914778328284672,12.691193603637164,7.215382184673867,12.000000000000002,2.5782507764504126,11.824044670926199
PAIR_063,C02_P1,C07_P1,274.6,0.6657793544235829,0.6641800690331747,1.3299594234567576,0.0015992853904081275,0.0015992853904082116,2.220446049250313e-16,21.6,17.8504915637117,-0.9132270563780546,0.8671489327109643,49.8,37.58662227262414,-0.2600865881882627,-0.8753203793931483,19.73613070891244,28.199999999999996,0.6531404681897919,1.7424693121041126
PAIR_064,C02_P1,C07_P3,274.6,0.5242132602834222,0.5230162995040312,1.0472295597874532,0.0011969607793910284,0.0011969607793910209,2.220446049250313e-16,21.6,17.8504915637117,-0.9132270563780546,0.8671489327109643,15.6,12.815269433811183,-2.0666673939712457,4.039239853097321,5.035222129900516,6.000000000000002,1.153440337593191,3.1720909203863568
PAIR_065,C02_P1,C08_P1,274.6,0.7347591081498321,0.73369599990269,1.468455108052522,0.0010631082471422052,0.0010631082471421749,0.0,21.6,17.8504915637117,-0.9132270563780546,0.8671489327109643,55.0,43.64177917237282,0.4474869847156655,-1.5132456321012109,25.791287608661122,33.4,1.3607140410937202,2.380394564812175
PAIR_066,C02_P1,C08_P3,274.6,0.42083079259305567,0.41989406114865246,0.8407248537417081,0.0009367314444032038,0.0009367314444032049,0.0,21.6,17.8504915637117,-0.9132270563780546,0.8671489327109643,58.0,45.85047296627704,-0.4222655496919911,-1.1309064867678158,27.99998140256534,36.4,0.4909615066860635,1.99805541947878
PAIR_067,C02_P1,C09_P1,274.6,0.502557021769433,0.5018253157121306,1.0043823374815635,0.0007317060573022393,0.0007317060573023282,2.220446049250313e-16,21.6,17.8504915637117,-0.9132270563780546,0.8671489327109643,15.4,12.550907870531372,0.156160652420342,-0.6233552161392946,5.2995836931803275,6.200000000000001,1.0693877087983965,1.4905041488502588
PAIR_068,C02_P1,C09_P3,274.6,0.6170729297058724,0.6163710146661976,1.23344394437207,0.0007019150396747244,0.0007019150396747609,0.0,21.6,17.8504915637117,-0.9132270563780546,0.8671489327109643,47.400000000000006,41.47733192433871,-0.3275517866135125,-0.5413467672186711,23.626840360627014,25.800000000000004,0.5856752697645421,1.4084956999296354
PAIR_069,C02_P1,C10_P1,274.6,0.6451279635016374,0.6444834270960563,1.2896113905976936,0.0006445364055810453,0.0006445364055810421,0.0,21.6,17.8504915637117,-0.9132270563780546,0.8671489327109643,61.400000000000006,48.04839655672359,0.0501482353316684,-1.2884630317235377,30.19790499301189,39.800000000000004,0.9633752917097229,2.155611964434502
PAIR_070,C02_P1,C10_P3,274.0,0.46186265470951665,0.45606660209203387,0.9179292568015506,0.005796052617482722,0.005796052617482783,1.1102230246251565e-16,21.6,17.8504915637117,-0.9132270563780546,0.8671489327109643,6.0,5.073903478101762,-0.0386797035986008,-0.441965691405108,12.776588085609937,15.600000000000001,0.8745473527794537,1.3091146241160723
PAIR_071,C02_P1,C11_P1,271.6,0.5417096427180942,0.51872507859582,1.0604347213139138,0.022984564122274165,0.02298456412227423,4.440892098500626e-16,21.6,17.8504915637117,-0.9132270563780546,0.8671489327109643,6.4,5.522465209787678,-0.2871785157788312,-0.1336104833641185,12.32802635392402,15.200000000000001,0.6260485405992233,1.0007594160750828
PAIR_072,C02_P1,C11_P3,272.0,0.3364825444306454,0.3175292991446903,0.6540118435753357,0.01895324528595508,0.0189532452859551,0.0,21.6,17.8504915637117,-0.9132270563780546,0.8671489327109643,18.4,15.913468672022562,-0.4208580503338558,-0.3358837517349125,1.9370228916891374,3.200000000000003,0.49236900604419875,1.2030326844458767
PAIR_073,C02_P1,C12_P1,274.6,0.42453071838917755,0.4233132084895801,0.8478439268787576,0.0012175098995974589,0.0012175098995974576,0.0,21.6,17.8504915637117,-0.9132270563780546,0.8671489327109643,41.2,32.7799241782221,-0.242299645561289,-0.5405839470219056,14.929432614510404,19.6,0.6709274108167655,1.4077328797328699
PAIR_074,C02_P1,C12_P3,274.6,0.6192968016138658,0.6189341189444892,1.2382309205583553,0.00036268266937650645,0.00036268266937655724,2.220446049250313e-16,21.6,17.8504915637117,-0.9132270563780546,0.8671489327109643,16.8,13.612856105086433,-0.2456633712033578,-0.5813479143446298,4.237635458625267,4.800000000000001,0.6675636851746968,1.4484968470555941
PAIR_075,C02_P1,C13_P1,274.40000000000003,0.46378010833060546,0.46323512075431716,0.9270152290849226,0.0005449875762882718,0.0005449875762882916,0.0,21.6,17.8504915637117,-0.9132270563780546,0.8671489327109643,11.2,10.08242476496059,-0.3829177362862536,-0.0189544463205986,7.768066798751109,10.400000000000002,0.530309320091801,0.8861033790315629
PAIR_076,C02_P1,C13_P3,274.6,0.47604505021953203,0.47567738953398264,0.9517224397535147,0.00036766068554929194,0.0003676606855493869,0.0,21.6,17.8504915637117,-0.9132270563780546,0.8671489327109643,31.0,23.720512880011427,0.540599905184819,0.2060869879268265,5.870021316299727,9.399999999999999,1.4538269615628736,0.6610619447841377
PAIR_077,C02_P1,C14_P1,274.6,0.5743823522697341,0.5730771934885013,1.1474595457582353,0.0013051587812327944,0.0013051587812328291,2.220446049250313e-16,21.6,17.8504915637117,-0.9132270563780546,0.8671489327109643,6.800000000000001,11.270433591597858,0.2021638256941889,-0.045111164156665,6.580057972113842,14.8,1.1153908820722434,0.9122600968676293
PAIR_078,C02_P1,C14_P3,274.40000000000003,0.6404439319297934,0.6398307486779695,1.280274680607763,0.0006131832518239691,0.0006131832518239122,0.0,21.6,17.8504915637117,-0.9132270563780546,0.8671489327109643,5.2,9.379346353417676,-0.2710026256991154,-0.0030550817914076,8.471145210294024,16.400000000000002,0.6422244306789392,0.8702040145023718
PAIR_079,C02_P3,C03_P1,274.6,0.5129476700631287,0.5126989410554963,1.025646611118625,0.00024872900763233253,0.0002487290076323978,0.0,38.0,31.32674433879733,-0.4338084142058662,-1.4553456342037197,32.2,37.87927055239695,0.4659549849571102,-1.0019019358159027,6.552526213599624,5.799999999999997,0.8997633991629763,0.45344369838781695
PAIR_080,C02_P3,C03_P3,274.6,0.8510061976014348,0.8498288624585065,1.7008350600599411,0.0011773351429283261,0.001177335142928282,2.220446049250313e-16,38.0,31.32674433879733,-0.4338084142058662,-1.4553456342037197,35.0,26.95959783244563,-0.0522551847368007,-0.7661167299209501,4.367146506351698,3.0,0.3815532294690655,0.6892289042827695
PAIR_081,C02_P3,C04_P1,274.6,0.906813086487041,0.9061680290714357,1.8129811155584765,0.0006450574156052473,0.0006450574156052769,2.220446049250313e-16,38.0,31.32674433879733,-0.4338084142058662,-1.4553456342037197,38.8,31.7690014004025,0.5429609892428743,-1.2651321476000783,0.4422570616051722,0.7999999999999972,0.9767694034487404,0.19021348660364135
PAIR_082,C02_P3,C04_P3,274.6,0.5860639425575817,0.5840588973482468,1.1701228399058283,0.0020050452093348012,0.002005045209334866,2.220446049250313e-16,38.0,31.32674433879733,-0.4338084142058662,-1.4553456342037197,13.0,16.52683851621324,-2.865758424412882,9.458655473657435,14.79990582258409,25.0,2.431950010207016,10.914001107861155
PAIR_083,C02_P3,C05_P1,274.6,0.7502253892164759,0.7497331834738893,1.4999585726903653,0.0004922057425866208,0.0004922057425865711,0.0,38.0,31.32674433879733,-0.4338084142058662,-1.4553456342037197,42.6,34.68691617598624,-0.6228101481585432,-0.775297699296114,3.3601718371889113,4.600000000000001,0.189001733952677,0.6800479349076056
PAIR_084,C02_P3,C05_P3,274.6,0.5218530845585507,0.5218606120326562,1.0437136965912068,-7.527474105475452e-06,7.5274741054842664e-06,0.0,38.0,31.32674433879733,-0.4338084142058662,-1.4553456342037197,25.200000000000003,27.68948238588642,0.5035448259256654,-0.2312441373528706,3.637261952910908,12.799999999999997,0.9373532401315317,1.224101496850849
PAIR_085,C02_P3,C06_P1,274.6,0.6126598845828104,0.6123378216186999,1.2249977062015103,0.00032206296411036795,0.0003220629641105255,0.0,38.0,31.32674433879733,-0.4338084142058662,-1.4553456342037197,13.2,11.262902816490314,-0.635977440877002,0.5787995669611563,20.063841522307015,24.8,0.20216902667113584,2.034145201164876
PAIR_086,C02_P3,C06_P3,274.6,0.6502497347515084,0.6480521337720883,1.2983018685235967,0.0021976009794199714,0.0021976009794201223,2.220446049250313e-16,38.0,31.32674433879733,-0.4338084142058662,-1.4553456342037197,9.6,10.635109379037832,-3.4914778328284672,12.691193603637164,20.691634959759497,28.4,3.057669418622601,14.146539237840884
PAIR_087,C02_P3,C07_P1,274.6,0.6595993535594948,0.6583474558989425,1.3179468094584372,0.001251897660552252,0.0012518976605523369,0.0,38.0,31.32674433879733,-0.4338084142058662,-1.4553456342037197,49.8,37.58662227262414,-0.2600865881882627,-0.8753203793931483,6.259877933826811,11.799999999999997,0.1737218260176035,0.5800252548105713
PAIR_088,C02_P3,C07_P3,274.6,0.49957185158201883,0.49872227853248374,0.9982941301145025,0.0008495730495351013,0.0008495730495350906,0.0,38.0,31.32674433879733,-0.4338084142058662,-1.4553456342037197,15.6,12.815269433811183,-2.0666673939712457,4.039239853097321,18.511474904986144,22.4,1.6328589797653794,5.494585487301041
PAIR_089,C02_P3,C08_P1,274.6,0.687461439528523,0.6867457190112367,1.3742071585397597,0.0007157205172862263,0.0007157205172863002,0.0,38.0,31.32674433879733,-0.4338084142058662,-1.4553456342037197,55.0,43.64177917237282,0.4474869847156655,-1.5132456321012109,12.315034833575492,17.0,0.8812953989215317,0.05789999789749123
PAIR_090,C02_P3,C08_P3,274.6,0.5432527440705429,0.5426634003559957,1.0859161444265386,0.0005893437145472508,0.0005893437145472191,0.0,38.0,31.32674433879733,-0.4338084142058662,-1.4553456342037197,58.0,45.85047296627704,-0.4222655496919911,-1.1309064867678158,14.52372862747971,20.0,0.011542864513875095,0.32443914743590385
PAIR_091,C02_P3,C09_P1,274.6,0.6555850328947272,0.6552007145672809,1.3107857474620082,0.0003843183274462604,0.0003843183274463424,0.0,38.0,31.32674433879733,-0.4338084142058662,-1.4553456342037197,15.4,12.550907870531372,0.156160652420342,-0.6233552161392946,18.775836468265958,22.6,0.5899690666262082,0.8319904180644251
PAIR_092,C02_P3,C09_P3,274.6,0.6959985959021664,0.6956440685923477,1.3916426644945141,0.0003545273098186421,0.0003545273098186641,0.0,38.0,31.32674433879733,-0.4338084142058662,-1.4553456342037197,47.400000000000006,41.47733192433871,-0.3275517866135125,-0.5413467672186711,10.150587585541384,9.400000000000006,0.10625662759235371,0.9139988669850485
PAIR_093,C02_P3,C10_P1,274.6,0.7366413400358743,0.7363441913601493,1.4729855313960236,0.00029714867572506646,0.0002971486757250563,0.0,38.0,31.32674433879733,-0.4338084142058662,-1.4553456342037197,61.400000000000006,48.04839655672359,0.0501482353316684,-1.2884630317235377,16.72165221792626,23.400000000000006,0.4839566495375346,0.16688260248018194
PAIR_094,C02_P3,C10_P3,274.0,0.6039791173205865,0.602469159009493,1.2064482763300794,0.0015099583110934403,0.0015099583110934622,2.220446049250313e-16,38.0,31.32674433879733,-0.4338084142058662,-1.4553456342037197,6.0,5.073903478101762,-0.0386797035986008,-0.441965691405108,26.252840860695567,32.0,0.3951287106072654,1.0133799427986117
PAIR_095,C02_P3,C11_P1,271.6,0.6662822757116614,0.6632109177496256,1.329493193461287,0.0030713579620357794,0.0030713579620358367,0.0,38.0,31.32674433879733,-0.4338084142058662,-1.4553456342037197,6.4,5.522465209787678,-0.2871785157788312,-0.1336104833641185,25.80427912900965,31.6,0.146629898427035,1.3217351508396011
PAIR_096,C02_P3,C11_P3,272.0,0.5173242544842392,0.5157136694656139,1.0330379239498533,0.0016105850186253277,0.0016105850186253212,0.0,38.0,31.32674433879733,-0.4338084142058662,-1.4553456342037197,18.4,15.913468672022562,-0.4208580503338558,-0.3358837517349125,15.413275666774767,19.6,0.012950363872010373,1.1194618824688072
PAIR_097,C02_P3,C12_P1,274.6,0.545866690355335,0.5449965681855935,1.0908632585409286,0.0008701221697414801,0.0008701221697414718,2.220446049250313e-16,38.0,31.32674433879733,-0.4338084142058662,-1.4553456342037197,41.2,32.7799241782221,-0.242299645561289,-0.5405839470219056,1.4531798394247737,3.200000000000003,0.1915087686445772,0.914761687181814
PAIR_098,C02_P3,C12_P3,274.6,0.7575728687960762,0.7575575738565556,1.5151304426526317,1.529493952047582e-05,1.5294939520571482e-05,2.220446049250313e-16,38.0,31.32674433879733,-0.4338084142058662,-1.4553456342037197,16.8,13.612856105086433,-0.2456633712033578,-0.5813479143446298,17.713888233710897,21.2,0.1881450430025084,0.8739977198590898
PAIR_099,C02_P3,C13_P1,274.40000000000003,0.6097417603946004,0.6089116758202041,1.2186534362148045,0.000830084574396319,0.0008300845743962615,0.0,38.0,31.32674433879733,-0.4338084142058662,-1.4553456342037197,11.2,10.08242476496059,-0.3829177362862536,-0.0189544463205986,21.24431957383674,26.8,0.050890677919612604,1.436391187883121
PAIR_100,C02_P3,C13_P3,274.6,0.583936283841272,0.5839160108855788,1.167852294726851,2.0272955693300154e-05,2.027295569329013e-05,2.220446049250313e-16,38.0,31.32674433879733,-0.4338084142058662,-1.4553456342037197,31.0,23.720512880011427,0.540599905184819,0.2060869879268265,7.606231458785903,7.0,0.9744083193906852,1.6614326221305462
PAIR_101,C02_P3,C14_P1,274.6,0.5972726187581138,0.596314847706737,1.1935874664648507,0.0009577710513767639,0.0009577710513767324,0.0,38.0,31.32674433879733,-0.4338084142058662,-1.4553456342037197,6.800000000000001,11.270433591597858,0.2021638256941889,-0.045111164156665,20.056310747199472,31.2,0.6359722399000551,1.4102344700470546
PAIR_102,C02_P3,C14_P3,274.40000000000003,0.6828923366374192,0.6819940563874872,1.3648863930249062,0.0008982802499320163,0.0008982802499319931,2.220446049250313e-16,38.0,31.32674433879733,-0.4338084142058662,-1.4553456342037197,5.2,9.379346353417676,-0.2710026256991154,-0.0030550817914076,21.947397985379652,32.8,0.16280578850675081,1.452290552412312
PAIR_103,C03_P1,C03_P3,274.6,0.5885973579794682,0.5876687518441723,1.1762661098236407,0.0009286061352959419,0.0009286061352958841,2.220446049250313e-16,32.2,37.87927055239695,0.4659549849571102,-1.0019019358159027,35.0,26.95959783244563,-0.0522551847368007,-0.7661167299209501,10.919672719951322,2.799999999999997,0.5182101696939109,0.23578520589495255
PAIR_104,C03_P1,C04_P1,274.6,0.6232779050249704,0.6228815766169974,1.2461594816419677,0.0003963284079729665,0.00039632840797299007,0.0,32.2,37.87927055239695,0.4659549849571102,-1.0019019358159027,38.8,31.7690014004025,0.5429609892428743,-1.2651321476000783,6.110269151994451,6.599999999999994,0.0770060042857641,0.2632302117841756
PAIR_105,C03_P1,C04_P3,274.6,0.4057095545401895,0.40395323833848695,0.8096627928786764,0.0017563162017025203,0.0017563162017025236,0.0,32.2,37.87927055239695,0.4659549849571102,-1.0019019358159027,13.0,16.52683851621324,-2.865758424412882,9.458655473657435,21.352432036183714,19.200000000000003,3.3317134093699923,10.460557409473338
PAIR_106,C03_P1,C05_P1,274.6,0.8176546598010288,0.8174111830660745,1.6350658428671037,0.00024347673495423653,0.00024347673495428435,4.440892098500626e-16,32.2,37.87927055239695,0.4659549849571102,-1.0019019358159027,42.6,34.68691617598624,-0.6228101481585432,-0.775297699296114,3.1923543764107123,10.399999999999999,1.0887651331156534,0.22660423651978867
PAIR_107,C03_P1,C05_P3,274.6,0.7297787137852552,0.7300349702669929,1.4598136840522482,-0.0002562564817377045,0.00025625648173777105,0.0,32.2,37.87927055239695,0.4659549849571102,-1.0019019358159027,25.200000000000003,27.68948238588642,0.5035448259256654,-0.2312441373528706,10.189788166510532,7.0,0.03758984096855522,0.7706577984630321
PAIR_108,C03_P1,C06_P1,274.6,0.5263594562829947,0.5262861223265167,1.0526455786095112,7.333395647803542e-05,7.333395647801666e-05,2.220446049250313e-16,32.2,37.87927055239695,0.4659549849571102,-1.0019019358159027,13.2,11.262902816490314,-0.635977440877002,0.5787995669611563,26.61636773590664,19.000000000000004,1.101932425834112,1.580701502777059
PAIR_109,C03_P1,C06_P3,274.6,0.5052423265856051,0.5032934546138175,1.0085357811994224,0.001948871971787613,0.0019488719717876135,2.220446049250313e-16,32.2,37.87927055239695,0.4659549849571102,-1.0019019358159027,9.6,10.635109379037832,-3.4914778328284672,12.691193603637164,27.24416117335912,22.6,3.9574328177855773,13.693095539453067
PAIR_110,C03_P1,C07_P1,274.6,0.8158467199823405,0.8148435513294205,1.6306902713117608,0.0010031686529198677,0.001003168652919939,2.220446049250313e-16,32.2,37.87927055239695,0.4659549849571102,-1.0019019358159027,49.8,37.58662227262414,-0.2600865881882627,-0.8753203793931483,0.2926482797728127,17.599999999999994,0.7260415731453729,0.12658155642275437
PAIR_111,C03_P1,C07_P3,274.6,0.40969489884256305,0.4090940548006602,0.8187889536432233,0.0006008440419027688,0.0006008440419028593,1.1102230246251565e-16,32.2,37.87927055239695,0.4659549849571102,-1.0019019358159027,15.6,12.815269433811183,-2.0666673939712457,4.039239853097321,25.06400111858577,16.6,2.5326223789283557,5.041141788913224
PAIR_112,C03_P1,C08_P1,274.6,0.8418690511028019,0.8414020595931482,1.6832711106959501,0.00046699150965384207,0.0004669915096536803,0.0,32.2,37.87927055239695,0.4659549849571102,-1.0019019358159027,55.0,43.64177917237282,0.4474869847156655,-1.5132456321012109,5.762508619975868,22.799999999999997,0.018468000241444682,0.5113436962853082
PAIR_113,C03_P1,C08_P3,274.6,0.26899894620673537,0.26865833149982044,0.5376572777065558,0.0003406147069149312,0.00034061470691493234,0.0,32.2,37.87927055239695,0.4659549849571102,-1.0019019358159027,58.0,45.85047296627704,-0.4222655496919911,-1.1309064867678158,7.971202413880086,25.799999999999997,0.8882205346491012,0.1290045509519131
PAIR_114,C03_P1,C09_P1,274.6,0.755275439097083,0.755139849777269,1.510415288874352,0.0001355893198139796,0.00013558931981394462,0.0,32.2,37.87927055239695,0.4659549849571102,-1.0019019358159027,15.4,12.550907870531372,0.156160652420342,-0.6233552161392946,25.32836268186558,16.800000000000004,0.3097943325367682,0.37854671967660813
PAIR_115,C03_P1,C09_P3,274.6,0.8315147121478763,0.8314089138456899,1.6629236259935662,0.0001057983021864648,0.00010579830218637731,0.0,32.2,37.87927055239695,0.4659549849571102,-1.0019019358159027,47.400000000000006,41.47733192433871,-0.3275517866135125,-0.5413467672186711,3.5980613719417605,15.200000000000003,0.7935067715706227,0.46055516859723156
PAIR_116,C03_P1,C10_P1,274.6,0.8726521950714075,0.8726037754033149,1.7452559704747221,4.841966809257871e-05,4.8419668092547496e-05,2.220446049250313e-16,32.2,37.87927055239695,0.4659549849571102,-1.0019019358159027,61.400000000000006,48.04839655672359,0.0501482353316684,-1.2884630317235377,10.169126004326635,29.200000000000003,0.4158067496254418,0.286561095907635
PAIR_117,C03_P1,C10_P3,274.0,0.5103465419852908,0.5126107641953873,1.0229573061806783,-0.0022642222100965844,0.002264222210096478,2.220446049250313e-16,32.2,37.87927055239695,0.4659549849571102,-1.0019019358159027,6.0,5.073903478101762,-0.0386797035986008,-0.441965691405108,32.80536707429519,26.200000000000003,0.504634688555711,0.5599362444107947
PAIR_118,C03_P1,C11_P1,271.6,0.6154650299367772,0.6312061438167538,1.2466711737535308,-0.015741113879976714,0.015741113879976565,2.220446049250313e-16,32.2,37.87927055239695,0.4659549849571102,-1.0019019358159027,6.4,5.522465209787678,-0.2871785157788312,-0.1336104833641185,32.35680534260928,25.800000000000004,0.7531335007359414,0.8682914524517842
PAIR_119,C03_P1,C11_P3,272.0,0.47221828329312254,0.4867570844068808,0.9589753677000035,-0.014538801113758226,0.01453880111375827,1.1102230246251565e-16,32.2,37.87927055239695,0.4659549849571102,-1.0019019358159027,18.4,15.913468672022562,-0.4208580503338558,-0.3358837517349125,21.965801880374393,13.800000000000004,0.886813035290966,0.6660181840809902
PAIR_120,C03_P1,C12_P1,274.6,0.35376914774574886,0.3531477545836397,0.7069169023293886,0.0006213931621091734,0.000621393162109185,1.1102230246251565e-16,32.2,37.87927055239695,0.4659549849571102,-1.0019019358159027,41.2,32.7799241782221,-0.242299645561289,-0.5405839470219056,5.09934637417485,9.0,0.7082546305183992,0.4613179887939971
PAIR_121,C03_P1,C12_P3,274.6,0.6101648629026831,0.6103982969707948,1.220563159873478,-0.00023343406811180496,0.0002334340681117153,2.220446049250313e-16,32.2,37.87927055239695,0.4659549849571102,-1.0019019358159027,16.8,13.612856105086433,-0.2456633712033578,-0.5813479143446298,24.26641444731052,15.400000000000002,0.711618356160468,0.42055402147127285
PAIR_122,C03_P1,C13_P1,274.40000000000003,0.5734191398675917,0.5722001520338994,1.1456192919014911,0.0012189878336923432,0.001218987833692342,0.0,32.2,37.87927055239695,0.4659549849571102,-1.0019019358159027,11.2,10.08242476496059,-0.3829177362862536,-0.0189544463205986,27.79684578743636,21.000000000000004,0.8488727212433638,0.9829474894953041
PAIR_123,C03_P1,C13_P3,274.6,0.3323706968218621,0.3325991528738012,0.6649698496956633,-0.00022845605193901945,0.00022845605193910767,0.0,32.2,37.87927055239695,0.4659549849571102,-1.0019019358159027,31.0,23.720512880011427,0.540599905184819,0.2060869879268265,14.158757672385526,1.2000000000000028,0.07464492022770886,1.2079889237427293
PAIR_124,C03_P1,C14_P1,274.6,0.3957459322971685,0.3950368902534241,0.7907828225505926,0.0007090420437444055,0.0007090420437443901,0.0,32.2,37.87927055239695,0.4659549849571102,-1.0019019358159027,6.800000000000001,11.270433591597858,0.2021638256941889,-0.045111164156665,26.608836960799096,25.400000000000002,0.2637911592629213,0.9567907716592376
PAIR_125,C03_P1,C14_P3,274.40000000000003,0.6313594800409457,0.6300722965317176,1.2614317765726635,0.0012871835092280405,0.0012871835092280737,2.220446049250313e-16,32.2,37.87927055239695,0.4659549849571102,-1.0019019358159027,5.2,9.379346353417676,-0.2710026256991154,-0.0030550817914076,28.49992419897928,27.000000000000004,0.7369576106562256,0.9988468540244951
PAIR_126,C03_P3,C04_P1,274.6,0.2404981998686554,0.2410304775959784,0.4815286774646338,-0.0005322777273230013,0.000532277727323005,0.0,35.0,26.95959783244563,-0.0522551847368007,-0.7661167299209501,38.8,31.7690014004025,0.5429609892428743,-1.2651321476000783,4.8094035679568705,3.799999999999997,0.595216173979675,0.49901541767912816
PAIR_127,C03_P3,C04_P3,274.6,0.4350214824155482,0.43419377234914175,0.8692152547646901,0.0008277100664065267,0.0008277100664064729,1.1102230246251565e-16,35.0,26.95959783244563,-0.0522551847368007,-0.7661167299209501,13.0,16.52683851621324,-2.865758424412882,9.458655473657435,10.432759316232392,22.0,2.8135032396760815,10.224772203578386
PAIR_128,C03_P3,C05_P1,274.6,0.49625694725875874,0.4969420766591005,0.9931990239178594,-0.0006851294003417053,0.0006851294003417663,2.220446049250313e-16,35.0,26.95959783244563,-0.0522551847368007,-0.7661167299209501,42.6,34.68691617598624,-0.6228101481585432,-0.775297699296114,7.72731834354061,7.600000000000001,0.5705549634217425,0.009180969375163883
PAIR_129,C03_P3,C05_P3,274.6,0.7243062499962828,0.7254911126133164,1.4497973626095992,-0.0011848626170336204,0.0011848626170336551,0.0,35.0,26.95959783244563,-0.0522551847368007,-0.7661167299209501,25.200000000000003,27.68948238588642,0.5035448259256654,-0.2312441373528706,0.7298845534407903,9.799999999999997,0.5558000106624661,0.5348725925680795
PAIR_130,C03_P3,C06_P1,274.6,0.5427891680685026,0.5436444402473206,1.0864336083158233,-0.0008552721788179065,0.0008552721788179785,0.0,35.0,26.95959783244563,-0.0522551847368007,-0.7661167299209501,13.2,11.262902816490314,-0.635977440877002,0.5787995669611563,15.696695015955317,21.8,0.5837222561402013,1.3449162968821065
PAIR_131,C03_P3,C06_P3,274.6,0.38560315560688857,0.38458288977039695,0.7701860453772854,0.0010202658364915418,0.0010202658364916184,1.1102230246251565e-16,35.0,26.95959783244563,-0.0522551847368007,-0.7661167299209501,9.6,10.635109379037832,-3.4914778328284672,12.691193603637164,16.3244884534078,25.4,3.4392226480916666,13.457310333558114
PAIR_132,C03_P3,C07_P1,274.6,0.5945267552516976,0.5944521927340738,1.1889789479857713,7.456251762387423e-05,7.456251762383292e-05,0.0,35.0,26.95959783244563,-0.0522551847368007,-0.7661167299209501,49.8,37.58662227262414,-0.2600865881882627,-0.8753203793931483,10.62702444017851,14.799999999999997,0.207831403451462,0.10920364947219818
PAIR_133,C03_P3,C07_P3,274.6,0.5143066808817733,0.5146344429751665,1.02894112385694,-0.00032776209339314716,0.0003277620933931358,0.0,35.0,26.95959783244563,-0.0522551847368007,-0.7661167299209501,15.6,12.815269433811183,-2.0666673939712457,4.039239853097321,14.144328398634448,19.4,2.014412209234445,4.805356583018272
PAIR_134,C03_P3,C08_P1,274.6,0.6226589358158523,0.6231205504414945,1.2457794862573468,-0.00046161462564215153,0.0004616146256422038,0.0,35.0,26.95959783244563,-0.0522551847368007,-0.7661167299209501,55.0,43.64177917237282,0.4474869847156655,-1.5132456321012109,16.68218133992719,20.0,0.4997421694524662,0.7471289021802607
PAIR_135,C03_P3,C08_P3,274.6,0.5012492500691744,0.5018372414975555,1.0030864915667297,-0.0005879914283810236,0.0005879914283810628,2.220446049250313e-16,35.0,26.95959783244563,-0.0522551847368007,-0.7661167299209501,58.0,45.85047296627704,-0.4222655496919911,-1.1309064867678158,18.890875133831408,23.0,0.3700103649551904,0.36478975684686565
PAIR_136,C03_P3,C09_P1,274.6,0.6142094474906038,0.6150024643060857,1.2292119117966895,-0.0007930168154819622,0.0007930168154819395,0.0,35.0,26.95959783244563,-0.0522551847368007,-0.7661167299209501,15.4,12.550907870531372,0.156160652420342,-0.6233552161392946,14.40868996191426,19.6,0.20841583715714268,0.14276151378165558
PAIR_137,C03_P3,C09_P3,274.6,0.5741659971019963,0.5749888049351058,1.1491548020371023,-0.0008228078331095288,0.0008228078331095068,0.0,35.0,26.95959783244563,-0.0522551847368007,-0.7661167299209501,47.400000000000006,41.47733192433871,-0.3275517866135125,-0.5413467672186711,14.517734091893082,12.400000000000006,0.2752966018767118,0.224769962702279
PAIR_138,C03_P3,C10_P1,274.6,0.5936802333045479,0.5945604197717512,1.188240653076299,-0.0008801864672033632,0.0008801864672033366,2.220446049250313e-16,35.0,26.95959783244563,-0.0522551847368007,-0.7661167299209501,61.400000000000006,48.04839655672359,0.0501482353316684,-1.2884630317235377,21.088798724277957,26.400000000000006,0.1024034200684691,0.5223463018025876
PAIR_139,C03_P3,C10_P3,274.0,0.5520257377014329,0.5536210668207441,1.1056468045221768,-0.0015953291193111913,0.0015953291193111507,2.220446049250313e-16,35.0,26.95959783244563,-0.0522551847368007,-0.7661167299209501,6.0,5.073903478101762,-0.0386797035986008,-0.441965691405108,21.88569435434387,29.0,0.013575481138199903,0.32415103851584215
PAIR_140,C03_P3,C11_P1,271.6,0.4428249003080799,0.4503882945474679,0.8932131948555478,-0.007563394239387939,0.0075633942393880105,0.0,35.0,26.95959783244563,-0.0522551847368007,-0.7661167299209501,6.4,5.522465209787678,-0.2871785157788312,-0.1336104833641185,21.437132622657952,28.6,0.2349233310420305,0.6325062465568316
PAIR_141,C03_P3,C11_P3,272.0,0.5803142784848289,0.5882420258130313,1.1685563042978604,-0.00792774732820245,0.00792774732820245,2.220446049250313e-16,35.0,26.95959783244563,-0.0522551847368007,-0.7661167299209501,18.4,15.913468672022562,-0.4208580503338558,-0.3358837517349125,11.04612916042307,16.6,0.36860286559705513,0.4302329781860377
PAIR_142,C03_P3,C12_P1,274.6,0.5172492736636481,0.5175564866368348,1.034805760300483,-0.0003072129731867943,0.00030721297318669905,0.0,35.0,26.95959783244563,-0.0522551847368007,-0.7661167299209501,41.2,32.7799241782221,-0.242299645561289,-0.5405839470219056,5.820326345776472,6.200000000000003,0.19004446082448828,0.22553278289904455
PAIR_143,C03_P3,C12_P3,274.6,0.4370678028209341,0.4382298430243418,0.8752976458452759,-0.001162040203407695,0.0011620402034077104,0.0,35.0,26.95959783244563,-0.0522551847368007,-0.7661167299209501,16.8,13.612856105086433,-0.2456633712033578,-0.5813479143446298,13.346741727359198,18.2,0.1934081864665571,0.1847688155763203
PAIR_144,C03_P3,C13_P1,274.40000000000003,0.6362748191216642,0.6383878727286787,1.274662691850343,-0.002113053607014562,0.0021130536070145256,0.0,35.0,26.95959783244563,-0.0522551847368007,-0.7661167299209501,11.2,10.08242476496059,-0.3829177362862536,-0.0189544463205986,16.87717306748504,23.8,0.3306625515494529,0.7471622836003515
PAIR_145,C03_P3,C13_P3,274.6,0.5427523790135174,0.5439094412007524,1.0866618202142697,-0.0011570621872348836,0.0011570621872349918,0.0,35.0,26.95959783244563,-0.0522551847368007,-0.7661167299209501,31.0,23.720512880011427,0.540599905184819,0.2060869879268265,3.2390849524342045,4.0,0.5928550899216197,0.9722037178477767
PAIR_146,C03_P3,C14_P1,274.6,0.5535537667250982,0.5537733308166496,1.1073270975417477,-0.00021956409155156223,0.00021956409155143852,0.0,35.0,26.95959783244563,-0.0522551847368007,-0.7661167299209501,6.800000000000001,11.270433591597858,0.2021638256941889,-0.045111164156665,15.689164240847774,28.2,0.2544190104309896,0.7210055657642851
PAIR_147,C03_P3,C14_P3,274.40000000000003,0.5543561546476328,0.5564010125791117,1.1107571672267447,-0.0020448579314788647,0.002044857931478905,2.220446049250313e-16,35.0,26.95959783244563,-0.0522551847368007,-0.7661167299209501,5.2,9.379346353417676,-0.2710026256991154,-0.0030550817914076,17.580251479027957,29.8,0.2187474409623147,0.7630616481295426
PAIR_148,C04_P1,C04_P3,274.6,0.5090597562104788,0.5076997684167492,1.016759524627228,0.0013599877937295539,0.001359987793729589,0.0,38.8,31.7690014004025,0.5429609892428743,-1.2651321476000783,13.0,16.52683851621324,-2.865758424412882,9.458655473657435,15.242162884189263,25.799999999999997,3.4087194136557564,10.723787621257515
PAIR_149,C04_P1,C05_P1,274.6,0.4949857090697943,0.495138560742813,0.9901242698126071,-0.00015285167301872998,0.00015285167301870572,1.1102230246251565e-16,38.8,31.7690014004025,0.5429609892428743,-1.2651321476000783,42.6,34.68691617598624,-0.6228101481585432,-0.775297699296114,2.917914775583739,3.8000000000000043,1.1657711374014175,0.4898344483039643
PAIR_150,C04_P1,C05_P3,274.6,0.7060860307298981,0.7067386156196088,1.412824646349507,-0.0006525848897106451,0.0006525848897107611,2.220446049250313e-16,38.8,31.7690014004025,0.5429609892428743,-1.2651321476000783,25.200000000000003,27.68948238588642,0.5035448259256654,-0.2312441373528706,4.07951901451608,13.599999999999994,0.039416163317208874,1.0338880102472077
PAIR_151,C04_P1,C06_P1,274.6,0.4480502199066259,0.4483732143581207,0.8964234342647467,-0.00032299445149485344,0.0003229944514948069,1.1102230246251565e-16,38.8,31.7690014004025,0.5429609892428743,-1.2651321476000783,13.2,11.262902816490314,-0.635977440877002,0.5787995669611563,20.506098583912188,25.599999999999998,1.1789384301198762,1.8439317145612346
PAIR_152,C04_P1,C06_P3,274.6,0.44307089409387374,0.4415183505300591,0.884589244623933,0.0015525435638146206,0.0015525435638146234,1.1102230246251565e-16,38.8,31.7690014004025,0.5429609892428743,-1.2651321476000783,9.6,10.635109379037832,-3.4914778328284672,12.691193603637164,21.13389202136467,29.199999999999996,4.034438822071341,13.956325751237241
PAIR_153,C04_P1,C07_P1,274.6,0.6272750102057093,0.6266681699607624,1.2539431801664715,0.0006068402449470048,0.000606840244946949,0.0,38.8,31.7690014004025,0.5429609892428743,-1.2651321476000783,49.8,37.58662227262414,-0.2600865881882627,-0.8753203793931483,5.817620872221639,11.0,0.803047577431137,0.38981176820693
PAIR_154,C04_P1,C07_P3,274.6,0.6028431303443016,0.6026386147103717,1.2054817450546733,0.00020451563392987992,0.00020451563392986927,0.0,38.8,31.7690014004025,0.5429609892428743,-1.2651321476000783,15.6,12.815269433811183,-2.0666673939712457,4.039239853097321,18.95373196659132,23.199999999999996,2.60962838321412,5.304372000697399
PAIR_155,C04_P1,C08_P1,274.6,0.5701037135096567,0.5700330504079757,1.1401367639176325,7.066310168087556e-05,7.06631016810233e-05,2.220446049250313e-16,38.8,31.7690014004025,0.5429609892428743,-1.2651321476000783,55.0,43.64177917237282,0.4474869847156655,-1.5132456321012109,11.87277777197032,16.200000000000003,0.09547400452720878,0.24811348450113258
PAIR_156,C04_P1,C08_P3,274.6,0.6041385320096723,0.6041942457107304,1.2083327777204027,-5.5713701058100014e-05,5.571370105816875e-05,0.0,38.8,31.7690014004025,0.5429609892428743,-1.2651321476000783,58.0,45.85047296627704,-0.4222655496919911,-1.1309064867678158,14.081471565874537,19.200000000000003,0.9652265389348653,0.1342256608322625
PAIR_157,C04_P1,C09_P1,274.6,0.6296736983780857,0.6299344374662447,1.2596081358443303,-0.00026073908815893513,0.00026073908815893443,2.220446049250313e-16,38.8,31.7690014004025,0.5429609892428743,-1.2651321476000783,15.4,12.550907870531372,0.156160652420342,-0.6233552161392946,19.21809352987113,23.4,0.3868003368225323,0.6417769314607837
PAIR_158,C04_P1,C09_P3,274.6,0.5924939217744863,0.5927844518802728,1.1852783736547594,-0.00029053010578650174,0.00029053010578650174,2.220446049250313e-16,38.8,31.7690014004025,0.5429609892428743,-1.2651321476000783,47.400000000000006,41.47733192433871,-0.3275517866135125,-0.5413467672186711,9.708330523936212,8.600000000000009,0.8705127758563868,0.7237853803814072
PAIR_159,C04_P1,C10_P1,274.6,0.5594983809760413,0.5598462897159217,1.119344670691963,-0.00034790873988023256,0.00034790873988033155,0.0,38.8,31.7690014004025,0.5429609892428743,-1.2651321476000783,61.400000000000006,48.04839655672359,0.0501482353316684,-1.2884630317235377,16.279395156321087,22.60000000000001,0.4928127539112059,0.023330884123459406
PAIR_160,C04_P1,C10_P3,274.0,0.5808160798753537,0.5820508147332906,1.1628668946086442,-0.001234734857936887,0.0012347348579369033,0.0,38.8,31.7690014004025,0.5429609892428743,-1.2651321476000783,6.0,5.073903478101762,-0.0386797035986008,-0.441965691405108,26.69509792230074,32.8,0.5816406928414751,0.8231664561949703
PAIR_161,C04_P1,C11_P1,271.6,0.5267029138008734,0.5361116299847384,1.0628145437856118,-0.009408716183864938,0.009408716183864962,0.0,38.8,31.7690014004025,0.5429609892428743,-1.2651321476000783,6.4,5.522465209787678,-0.2871785157788312,-0.1336104833641185,26.246536190614822,32.4,0.8301395050217055,1.1315216642359598
PAIR_162,C04_P1,C11_P3,272.0,0.6148164369570812,0.6238900824080161,1.2387065193650972,-0.009073645450934939,0.00907364545093492,0.0,38.8,31.7690014004025,0.5429609892428743,-1.2651321476000783,18.4,15.913468672022562,-0.4208580503338558,-0.3358837517349125,15.85553272837994,20.4,0.9638190395767301,0.9292483958651658
PAIR_163,C04_P1,C12_P1,274.6,0.5751442344289875,0.5749191696748513,1.150063404103839,0.00022506475413628456,0.00022506475413619498,0.0,38.8,31.7690014004025,0.5429609892428743,-1.2651321476000783,41.2,32.7799241782221,-0.242299645561289,-0.5405839470219056,1.0109227778196015,2.4000000000000057,0.7852606348041633,0.7245482005781727
PAIR_164,C04_P1,C12_P3,274.6,0.35126251483783727,0.351892277313922,0.7031547921517592,-0.0006297624760847456,0.0006297624760847054,0.0,38.8,31.7690014004025,0.5429609892428743,-1.2651321476000783,16.8,13.612856105086433,-0.2456633712033578,-0.5813479143446298,18.15614529531607,21.999999999999996,0.7886243604462321,0.6837842332554485
PAIR_165,C04_P1,C13_P1,274.40000000000003,0.582957511834886,0.5833023915084742,1.16625990334336,-0.00034487967358809625,0.00034487967358820537,2.220446049250313e-16,38.8,31.7690014004025,0.5429609892428743,-1.2651321476000783,11.2,10.08242476496059,-0.3829177362862536,-0.0189544463205986,21.68657663544191,27.599999999999998,0.9258787255291279,1.2461777012794797
PAIR_166,C04_P1,C13_P3,274.6,0.5654259091152363,0.5660506935751481,1.1314766026903846,-0.0006247844599119083,0.0006247844599118757,2.220446049250313e-16,38.8,31.7690014004025,0.5429609892428743,-1.2651321476000783,31.0,23.720512880011427,0.540599905184819,0.2060869879268265,8.048488520391075,7.799999999999997,0.0023610840580552406,1.4712191355269049
PAIR_167,C04_P1,C14_P1,274.6,0.5541624562830209,0.5538497426472492,1.1080121989302698,0.0003127136357715425,0.00031271363577167754,2.220446049250313e-16,38.8,31.7690014004025,0.5429609892428743,-1.2651321476000783,6.800000000000001,11.270433591597858,0.2021638256941889,-0.045111164156665,20.498567808804644,31.999999999999996,0.3407971635486854,1.2200209834434133
PAIR_168,C04_P1,C14_P3,274.40000000000003,0.4898642401402923,0.4901409241383447,0.9800051642786368,-0.00027668399805236017,0.0002766839980524183,1.1102230246251565e-16,38.8,31.7690014004025,0.5429609892428743,-1.2651321476000783,5.2,9.379346353417676,-0.2710026256991154,-0.0030550817914076,22.389655046984828,33.599999999999994,0.8139636149419897,1.2620770658086706
PAIR_169,C04_P3,C05_P1,274.6,0.6212994051334157,0.6228122446001639,1.2441116497335796,-0.0015128394667481284,0.0015128394667481837,0.0,13.0,16.52683851621324,-2.865758424412882,9.458655473657435,42.6,34.68691617598624,-0.6228101481585432,-0.775297699296114,18.160077659773002,29.6,2.242948276254339,10.23395317295355
PAIR_170,C04_P3,C05_P3,274.6,0.6412078832528848,0.643220455936325,1.2844283391892097,-0.0020125726834402764,0.002012572683440239,0.0,13.0,16.52683851621324,-2.865758424412882,9.458655473657435,25.200000000000003,27.68948238588642,0.5035448259256654,-0.2312441373528706,11.162643869673182,12.200000000000003,3.3693032503385476,9.689899611010306
PAIR_171,C04_P3,C06_P1,274.6,0.49744660533780133,0.4991295875830257,0.996576192920827,-0.0016829822452244332,0.0016829822452243959,0.0,13.0,16.52683851621324,-2.865758424412882,9.458655473657435,13.2,11.262902816490314,-0.635977440877002,0.5787995669611563,5.263935699722925,0.1999999999999993,2.22978098353588,8.879855906696278
PAIR_172,C04_P3,C06_P3,274.6,0.21531059393567642,0.21511803816559133,0.43042863210126775,0.0001925557700850928,0.00019255577008508995,0.0,13.0,16.52683851621324,-2.865758424412882,9.458655473657435,9.6,10.635109379037832,-3.4914778328284672,12.691193603637164,5.891729137175407,3.4000000000000004,0.625719408415585,3.2325381299797282
PAIR_173,C04_P3,C07_P1,274.6,0.6412590877721338,0.6420122353209164,1.2832713230930504,-0.0007531475487824972,0.00075314754878264,2.220446049250313e-16,13.0,16.52683851621324,-2.865758424412882,9.458655473657435,49.8,37.58662227262414,-0.2600865881882627,-0.8753203793931483,21.0597837564109,36.8,2.6056718362246194,10.333975853050584
PAIR_174,C04_P3,C07_P3,274.6,0.27292643317893023,0.27408190533872995,0.5470083385176603,-0.001155472159799703,0.0011554721597997197,1.1102230246251565e-16,13.0,16.52683851621324,-2.865758424412882,9.458655473657435,15.6,12.815269433811183,-2.0666673939712457,4.039239853097321,3.7115690824020557,2.5999999999999996,0.7990910304416365,5.419415620560114
PAIR_175,C04_P3,C08_P1,274.6,0.6854319863293548,0.6867213110214034,1.3721532973507582,-0.00128932469204873,0.0012893246920486767,0.0,13.0,16.52683851621324,-2.865758424412882,9.458655473657435,55.0,43.64177917237282,0.4474869847156655,-1.5132456321012109,27.114940656159582,42.0,3.3132454091285477,10.971901105758647
PAIR_176,C04_P3,C08_P3,274.6,0.3327115413138366,0.3341272428086242,0.6668387841224608,-0.0014157014947875502,0.0014157014947875912,0.0,13.0,16.52683851621324,-2.865758424412882,9.458655473657435,58.0,45.85047296627704,-0.4222655496919911,-1.1309064867678158,29.3236344500638,45.0,2.4434928747208913,10.58956196042525
PAIR_177,C04_P3,C09_P1,274.6,0.6207157025242952,0.6223364294061836,1.2430521319304788,-0.001620726881888489,0.0016207268818884124,0.0,13.0,16.52683851621324,-2.865758424412882,9.458655473657435,15.4,12.550907870531372,0.156160652420342,-0.6233552161392946,3.975930645681867,2.4000000000000004,3.0219190768332242,10.08201068979673
PAIR_178,C04_P3,C09_P3,274.6,0.6279919751941322,0.6296424930936482,1.2576344682877802,-0.0016505178995160038,0.0016505178995159797,2.220446049250313e-16,13.0,16.52683851621324,-2.865758424412882,9.458655473657435,47.400000000000006,41.47733192433871,-0.3275517866135125,-0.5413467672186711,24.950493408125475,34.400000000000006,2.5382066377993695,10.000002240876107
PAIR_179,C04_P3,C10_P1,274.6,0.6616035469644977,0.6633114434981078,1.3249149904626056,-0.0017078965336098898,0.0017078965336100316,2.220446049250313e-16,13.0,16.52683851621324,-2.865758424412882,9.458655473657435,61.400000000000006,48.04839655672359,0.0501482353316684,-1.2884630317235377,31.52155804051035,48.400000000000006,2.9159066597445507,10.747118505380973
PAIR_180,C04_P3,C10_P3,274.0,0.44336913479189577,0.453452909210051,0.8968220440019468,-0.010083774418155307,0.010083774418155222,0.0,13.0,16.52683851621324,-2.865758424412882,9.458655473657435,6.0,5.073903478101762,-0.0386797035986008,-0.441965691405108,11.452935038111477,7.0,2.8270787208142814,9.900621165062542
PAIR_181,C04_P3,C11_P1,271.6,0.43968132632173307,0.48823728174767866,0.9279186080694117,-0.04855595542594562,0.048555955425945596,0.0,13.0,16.52683851621324,-2.865758424412882,9.458655473657435,6.4,5.522465209787678,-0.2871785157788312,-0.1336104833641185,11.00437330642556,6.6,2.578579908634051,9.592265957021553
PAIR_182,C04_P3,C11_P3,272.0,0.4978861353512312,0.5411198260883723,1.0390059614396034,-0.043233690737141076,0.04323369073714106,0.0,13.0,16.52683851621324,-2.865758424412882,9.458655473657435,18.4,15.913468672022562,-0.4208580503338558,-0.3358837517349125,0.613369844190677,5.399999999999999,2.4449003740790265,9.794539225392349
PAIR_183,C04_P3,C12_P1,274.6,0.3681065326013882,0.36924145564098143,0.7373479882423696,-0.0011349230395932693,0.0011349230395932275,1.1102230246251565e-16,13.0,16.52683851621324,-2.865758424412882,9.458655473657435,41.2,32.7799241782221,-0.242299645561289,-0.5405839470219056,16.253085662008864,28.200000000000003,2.6234587788515933,9.999239420679341
PAIR_184,C04_P3,C12_P3,274.6,0.5508406498769263,0.5528304001467405,1.1036710500236668,-0.001989750269814222,0.0019897502698141833,0.0,13.0,16.52683851621324,-2.865758424412882,9.458655473657435,16.8,13.612856105086433,-0.2456633712033578,-0.5813479143446298,2.9139824111268062,3.8000000000000007,2.6200950532095244,10.040003388002065
PAIR_185,C04_P3,C13_P1,274.40000000000003,0.5911833349830653,0.5930946164908314,1.1842779514738966,-0.00191128150776607,0.0019112815077660938,2.220446049250313e-16,13.0,16.52683851621324,-2.865758424412882,9.458655473657435,11.2,10.08242476496059,-0.3829177362862536,-0.0189544463205986,6.4444137512526485,1.8000000000000007,2.4828406881266285,9.477609919978034
PAIR_186,C04_P3,C13_P3,274.6,0.4650662365084026,0.4670510087620441,0.9321172452704468,-0.001984772253641462,0.0019847722536414647,1.1102230246251565e-16,13.0,16.52683851621324,-2.865758424412882,9.458655473657435,31.0,23.720512880011427,0.540599905184819,0.2060869879268265,7.193674363798188,18.0,3.406358329597701,9.25256848573061
PAIR_187,C04_P3,C14_P1,274.6,0.4892207972706822,0.49026807142864026,0.9794888686993224,-0.0010472741579580502,0.001047274157958078,0.0,13.0,16.52683851621324,-2.865758424412882,9.458655473657435,6.800000000000001,11.270433591597858,0.2021638256941889,-0.045111164156665,5.2564049246153814,6.199999999999999,3.0679222501070713,9.5037666378141
PAIR_188,C04_P3,C14_P3,274.40000000000003,0.5765427255633311,0.5783858113955613,1.1549285369588926,-0.0018430858322303208,0.0018430858322302512,2.220446049250313e-16,13.0,16.52683851621324,-2.865758424412882,9.458655473657435,5.2,9.379346353417676,-0.2710026256991154,-0.0030550817914076,7.147492162795563,7.8,2.594755798713767,9.461710555448843
PAIR_189,C05_P1,C05_P3,274.6,0.4195382187767421,0.42003795199343397,0.839576170770176,-0.0004997332166919669,0.0004997332166918889,1.1102230246251565e-16,42.6,34.68691617598624,-0.6228101481585432,-0.775297699296114,25.200000000000003,27.68948238588642,0.5035448259256654,-0.2312441373528706,6.997433790099819,17.4,1.1263549740842085,0.5440535619432434
PAIR_190,C05_P1,C06_P1,274.6,0.6227870358241203,0.6229571786025966,1.245744214426717,-0.00017014277847614937,0.0001701427784762677,0.0,42.6,34.68691617598624,-0.6228101481585432,-0.775297699296114,13.2,11.262902816490314,-0.635977440877002,0.5787995669611563,23.424013359495927,29.400000000000002,0.013167292718458845,1.3540972662572703
PAIR_191,C05_P1,C06_P3,274.6,0.4664226641189477,0.46471726888211434,0.931139933001062,0.0017053952368333767,0.0017053952368333847,1.1102230246251565e-16,42.6,34.68691617598624,-0.6228101481585432,-0.775297699296114,9.6,10.635109379037832,-3.4914778328284672,12.691193603637164,24.05180679694841,33.0,2.868667684669924,13.466491302933278
PAIR_192,C05_P1,C07_P1,274.6,0.29486831248889533,0.2941086205709297,0.588976933059825,0.0007596919179656701,0.0007596919179656547,0.0,42.6,34.68691617598624,-0.6228101481585432,-0.775297699296114,49.8,37.58662227262414,-0.2600865881882627,-0.8753203793931483,2.8997060966378996,7.199999999999996,0.3627235599702805,0.1000226800970343
PAIR_193,C05_P1,C07_P3,274.6,0.6470554821391002,0.6466981148321517,1.293753596971252,0.00035736730694855813,0.000357367306948575,0.0,42.6,34.68691617598624,-0.6228101481585432,-0.775297699296114,15.6,12.815269433811183,-2.0666673939712457,4.039239853097321,21.87164674217506,27.0,1.4438572458127026,4.8145375523934355
PAIR_194,C05_P1,C08_P1,274.6,0.38709889692035027,0.38687538214565065,0.7739742790660009,0.0002235147746995538,0.000223514774699618,0.0,42.6,34.68691617598624,-0.6228101481585432,-0.775297699296114,55.0,43.64177917237282,0.4474869847156655,-1.5132456321012109,8.95486299638658,12.399999999999999,1.0702971328742086,0.7379479328050969
PAIR_195,C05_P1,C08_P3,274.6,0.7807357564380605,0.7806386184660998,1.5613743749041604,9.713797196062996e-05,9.7137971960648e-05,0.0,42.6,34.68691617598624,-0.6228101481585432,-0.775297699296114,58.0,45.85047296627704,-0.4222655496919911,-1.1309064867678158,11.163556790290798,15.399999999999999,0.2005445984665521,0.35560878747170177
PAIR_196,C05_P1,C09_P1,274.6,0.4009353866659671,0.40104327408110735,0.8019786607470745,-0.00010788741514025692,0.0001078874151402287,0.0,42.6,34.68691617598624,-0.6228101481585432,-0.775297699296114,15.4,12.550907870531372,0.156160652420342,-0.6233552161392946,22.13600830545487,27.200000000000003,0.7789708005788851,0.15194248315681946
PAIR_197,C05_P1,C09_P3,274.6,0.2168729827356891,0.2170106611684569,0.4338836439041461,-0.0001376784327677976,0.000137678432767796,5.551115123125783e-17,42.6,34.68691617598624,-0.6228101481585432,-0.775297699296114,47.400000000000006,41.47733192433871,-0.3275517866135125,-0.5413467672186711,6.790415748352473,4.800000000000004,0.2952583615450307,0.23395093207744289
PAIR_198,C05_P1,C10_P1,274.6,0.22349605757976135,0.22369111464662295,0.4471871722263843,-0.00019505706686159314,0.00019505706686159807,5.551115123125783e-17,42.6,34.68691617598624,-0.6228101481585432,-0.775297699296114,61.400000000000006,48.04839655672359,0.0501482353316684,-1.2884630317235377,13.361480380737348,18.800000000000004,0.6729583834902115,0.5131653324274237
PAIR_199,C05_P1,C10_P3,274.0,0.5718498088250168,0.5676711890435876,1.1395209978686045,0.004178619781429396,0.004178619781429194,2.220446049250313e-16,42.6,34.68691617598624,-0.6228101481585432,-0.775297699296114,6.0,5.073903478101762,-0.0386797035986008,-0.441965691405108,29.61301269788448,36.6,0.5841304445599423,0.33333200789100603
PAIR_200,C05_P1,C11_P1,271.6,0.4777683640296799,0.459309335874365,0.937077699904045,0.018459028155314833,0.018459028155314916,1.1102230246251565e-16,42.6,34.68691617598624,-0.6228101481585432,-0.775297699296114,6.4,5.522465209787678,-0.2871785157788312,-0.1336104833641185,29.16445096619856,36.2,0.335631632379712,0.6416872159319955
PAIR_201,C05_P1,C11_P3,272.0,0.619583979499955,0.6045769497058116,1.2241609292057665,0.01500702979414355,0.015007029794143478,0.0,42.6,34.68691617598624,-0.6228101481585432,-0.775297699296114,18.4,15.913468672022562,-0.4208580503338558,-0.3358837517349125,18.77344750396368,24.200000000000003,0.20195209782468737,0.43941394756120156
PAIR_202,C05_P1,C12_P1,274.6,0.7650268519419742,0.7646489355148192,1.5296757874567934,0.00037791642715501454,0.0003779164271550117,2.220446049250313e-16,42.6,34.68691617598624,-0.6228101481585432,-0.775297699296114,41.2,32.7799241782221,-0.242299645561289,-0.5405839470219056,1.9069919977641376,1.3999999999999986,0.38051050259725416,0.23471375227420843
PAIR_203,C05_P1,C12_P3,274.6,0.5440121774378603,0.5444890882409265,1.088501265678787,-0.0004769108030659897,0.00047691080306611067,0.0,42.6,34.68691617598624,-0.6228101481585432,-0.775297699296114,16.8,13.612856105086433,-0.2456633712033578,-0.5813479143446298,21.074060070899808,25.8,0.3771467769551854,0.19394978495148418
PAIR_204,C05_P1,C13_P1,274.40000000000003,0.5556026948224173,0.5572865884141316,1.112889283236549,-0.0016838935917143011,0.0016838935917142805,0.0,42.6,34.68691617598624,-0.6228101481585432,-0.775297699296114,11.2,10.08242476496059,-0.3829177362862536,-0.0189544463205986,24.60449141102565,31.400000000000002,0.2398924118722896,0.7563432529755154
PAIR_205,C05_P1,C13_P3,274.6,0.7242631834777288,0.7247351162646218,1.4489982997423505,-0.0004719327868932301,0.00047193278689305895,0.0,42.6,34.68691617598624,-0.6228101481585432,-0.775297699296114,31.0,23.720512880011427,0.540599905184819,0.2060869879268265,10.966403295974814,11.600000000000001,1.1634100533433622,0.9813846872229406
PAIR_206,C05_P1,C14_P1,274.6,0.6831377676165938,0.6826722023078037,1.3658099699243975,0.0004655653087901689,0.0004655653087901612,0.0,42.6,34.68691617598624,-0.6228101481585432,-0.775297699296114,6.800000000000001,11.270433591597858,0.2021638256941889,-0.045111164156665,23.416482584388383,35.8,0.8249739738527321,0.730186535139449
PAIR_207,C05_P1,C14_P3,274.40000000000003,0.46511285711872064,0.46672855503489924,0.9318414121536199,-0.0016156979161786038,0.0016156979161786045,1.1102230246251565e-16,42.6,34.68691617598624,-0.6228101481585432,-0.775297699296114,5.2,9.379346353417676,-0.2710026256991154,-0.0030550817914076,25.307569822568567,37.4,0.3518075224594278,0.7722426175047065
PAIR_208,C05_P3,C06_P1,274.6,0.6683883872925221,0.6680587968543062,1.3364471841468284,0.0003295904382157399,0.00032959043821589873,0.0,25.200000000000003,27.68948238588642,0.5035448259256654,-0.2312441373528706,13.2,11.262902816490314,-0.635977440877002,0.5787995669611563,16.426579569396107,12.000000000000004,1.1395222668026674,0.810043704314027
PAIR_209,C05_P3,C06_P3,274.6,0.604345408558317,0.6021402801047917,1.206485688663109,0.0022051284535251625,0.0022051284535252735,4.440892098500626e-16,25.200000000000003,27.68948238588642,0.5035448259256654,-0.2312441373528706,9.6,10.635109379037832,-3.4914778328284672,12.691193603637164,17.05437300684859,15.600000000000003,3.9950226587541326,12.922437740990034
PAIR_210,C05_P3,C07_P1,274.6,0.3590741206286576,0.357814695494,0.7168888161226576,0.0012594251346575982,0.001259425134657599,0.0,25.200000000000003,27.68948238588642,0.5035448259256654,-0.2312441373528706,49.8,37.58662227262414,-0.2600865881882627,-0.8753203793931483,9.897139886737719,24.599999999999994,0.7636314141139281,0.6440762420402777
PAIR_211,C05_P3,C07_P3,274.6,0.6427114981121645,0.641854397588524,1.2845658957006887,0.0008571005236404992,0.0008571005236405194,2.220446049250313e-16,25.200000000000003,27.68948238588642,0.5035448259256654,-0.2312441373528706,15.6,12.815269433811183,-2.0666673939712457,4.039239853097321,14.874212952075238,9.600000000000003,2.570212219896911,4.270483990450192
PAIR_212,C05_P3,C08_P1,274.6,0.3705926296972935,0.369869381705902,0.7404620114031956,0.0007232479913915206,0.0007232479913915069,1.1102230246251565e-16,25.200000000000003,27.68948238588642,0.5035448259256654,-0.2312441373528706,55.0,43.64177917237282,0.4474869847156655,-1.5132456321012109,15.9522967864864,29.799999999999997,0.056057841209999903,1.2820014947483402
PAIR_213,C05_P3,C08_P3,274.6,0.7848582136173728,0.7842613424287203,1.569119556046093,0.0005968711886524675,0.0005968711886525924,0.0,25.200000000000003,27.68948238588642,0.5035448259256654,-0.2312441373528706,58.0,45.85047296627704,-0.4222655496919911,-1.1309064867678158,18.160990580390617,32.8,0.9258103756176566,0.8996623494149452
PAIR_214,C05_P3,C09_P1,274.6,0.3936542133155754,0.39326236751402377,0.7869165808295991,0.0003918458015516776,0.00039184580155160464,0.0,25.200000000000003,27.68948238588642,0.5035448259256654,-0.2312441373528706,15.4,12.550907870531372,0.156160652420342,-0.6233552161392946,15.13857451535505,9.800000000000002,0.3473841735053234,0.39211107878642393
PAIR_215,C05_P3,C09_P3,274.6,0.3587930008223847,0.35843094603846054,0.7172239468608451,0.0003620547839241693,0.00036205478392414836,1.1102230246251565e-16,25.200000000000003,27.68948238588642,0.5035448259256654,-0.2312441373528706,47.400000000000006,41.47733192433871,-0.3275517866135125,-0.5413467672186711,13.787849538452292,22.200000000000003,0.8310966125391779,0.3101026298658005
PAIR_216,C05_P3,C10_P1,274.6,0.3349350392529549,0.33463036310312455,0.6695654023560795,0.00030467614983030906,0.00030467614983037405,0.0,25.200000000000003,27.68948238588642,0.5035448259256654,-0.2312441373528706,61.400000000000006,48.04839655672359,0.0501482353316684,-1.2884630317235377,20.358914170837167,36.2,0.453396590593997,1.057218894370667
PAIR_217,C05_P3,C10_P3,274.0,0.5837685796454796,0.5789136961381682,1.1626822757836477,0.0048548835073112155,0.004854883507311336,0.0,25.200000000000003,27.68948238588642,0.5035448259256654,-0.2312441373528706,6.0,5.073903478101762,-0.0386797035986008,-0.441965691405108,22.61557890778466,19.200000000000003,0.5422245295242663,0.2107215540522374
PAIR_218,C05_P3,C11_P1,271.6,0.6240473901158302,0.6034981112799251,1.2275455013957555,0.0205492788359051,0.02054927883590507,2.220446049250313e-16,25.200000000000003,27.68948238588642,0.5035448259256654,-0.2312441373528706,6.4,5.522465209787678,-0.2871785157788312,-0.1336104833641185,22.167017176098742,18.800000000000004,0.7907233417044965,0.09763365398875212
PAIR_219,C05_P3,C11_P3,272.0,0.6386850404180952,0.6216794041228236,1.2603644445409188,0.01700563629527143,0.01700563629527152,0.0,25.200000000000003,27.68948238588642,0.5035448259256654,-0.2312441373528706,18.4,15.913468672022562,-0.4208580503338558,-0.3358837517349125,11.77601371386386,6.800000000000004,0.9244028762595212,0.10463961438204186
PAIR_220,C05_P3,C12_P1,274.6,0.745608203001086,0.744730553357239,1.4903387563583248,0.0008776496438469556,0.0008776496438469561,2.220446049250313e-16,25.200000000000003,27.68948238588642,0.5035448259256654,-0.2312441373528706,41.2,32.7799241782221,-0.242299645561289,-0.5405839470219056,5.090441792335682,16.0,0.7458444714869544,0.30933980966903496
PAIR_221,C05_P3,C12_P3,274.6,0.6408841044071922,0.6408612819935663,1.2817453864007586,2.2822413625899522e-05,2.2822413625944726e-05,2.220446049250313e-16,25.200000000000003,27.68948238588642,0.5035448259256654,-0.2312441373528706,16.8,13.612856105086433,-0.2456633712033578,-0.5813479143446298,14.076626280799989,8.400000000000002,0.7492081971290232,0.3501037769917592
PAIR_222,C05_P3,C13_P1,274.40000000000003,0.5002287101135294,0.5003752712734084,1.0006039813869378,-0.00014656115987903115,0.00014656115987898843,0.0,25.200000000000003,27.68948238588642,0.5035448259256654,-0.2312441373528706,11.2,10.08242476496059,-0.3829177362862536,-0.0189544463205986,17.60705762092583,14.000000000000004,0.886462562211919,0.21228969103227202
PAIR_223,C05_P3,C13_P3,274.6,0.679668568255549,0.6796407678257504,1.3593093360812996,2.780042979871092e-05,2.780042979855235e-05,2.220446049250313e-16,25.200000000000003,27.68948238588642,0.5035448259256654,-0.2312441373528706,31.0,23.720512880011427,0.540599905184819,0.2060869879268265,3.9689695058749948,5.799999999999997,0.037055079259153634,0.4373311252796971
PAIR_224,C05_P3,C14_P1,274.6,0.6420782370043396,0.6411129384788576,1.2831911754831973,0.0009652985254820065,0.0009652985254819946,0.0,25.200000000000003,27.68948238588642,0.5035448259256654,-0.2312441373528706,6.800000000000001,11.270433591597858,0.2021638256941889,-0.045111164156665,16.419048794288564,18.400000000000002,0.3013810002314765,0.18613297319620561
PAIR_225,C05_P3,C14_P3,274.40000000000003,0.49867018450427075,0.498748549988614,0.9974187344928847,-7.836548434330799e-05,7.836548434325685e-05,1.1102230246251565e-16,25.200000000000003,27.68948238588642,0.5035448259256654,-0.2312441373528706,5.2,9.379346353417676,-0.2710026256991154,-0.0030550817914076,18.310136032468748,20.000000000000004,0.7745474516247808,0.22818905556146302
PAIR_226,C06_P1,C06_P3,274.6,0.44875039569513464,0.44687485767982515,0.8956252533749597,0.0018755380153094483,0.0018755380153094858,1.1102230246251565e-16,13.2,11.262902816490314,-0.635977440877002,0.5787995669611563,9.6,10.635109379037832,-3.4914778328284672,12.691193603637164,0.6277934374524818,3.5999999999999996,2.855500391951465,12.112394036676008
PAIR_227,C06_P1,C07_P1,274.6,0.7377834184174357,0.7368535837209937,1.4746370021384296,0.0009298346964418324,0.0009298346964419224,2.220446049250313e-16,13.2,11.262902816490314,-0.635977440877002,0.5787995669611563,49.8,37.58662227262414,-0.2600865881882627,-0.8753203793931483,26.323719456133826,36.599999999999994,0.37589085268873934,1.4541199463543046
PAIR_228,C06_P1,C07_P3,274.6,0.48621358112716523,0.4856860710417405,0.9718996521689056,0.0005275100854247593,0.0005275100854247317,1.1102230246251565e-16,13.2,11.262902816490314,-0.635977440877002,0.5787995669611563,15.6,12.815269433811183,-2.0666673939712457,4.039239853097321,1.5523666173208692,2.4000000000000004,1.4306899530942436,3.4604402861361647
PAIR_229,C06_P1,C08_P1,274.6,0.7401175989860379,0.7397239414328624,1.4798415404189003,0.0003936575531757549,0.0003936575531755526,0.0,13.2,11.262902816490314,-0.635977440877002,0.5787995669611563,55.0,43.64177917237282,0.4474869847156655,-1.5132456321012109,32.37887635588251,41.8,1.0834644255926675,2.092045199062367
PAIR_230,C06_P1,C08_P3,274.6,0.5226556912205078,0.522388410470071,1.0450441016905792,0.0002672807504369346,0.00026728075043680466,2.220446049250313e-16,13.2,11.262902816490314,-0.635977440877002,0.5787995669611563,58.0,45.85047296627704,-0.4222655496919911,-1.1309064867678158,34.58757014978673,44.8,0.21371189118501094,1.709706053728972
PAIR_231,C06_P1,C09_P1,274.6,0.6571745821495127,0.6571123267861767,1.3142869089356897,6.225536333594421e-05,6.225536333603898e-05,2.220446049250313e-16,13.2,11.262902816490314,-0.635977440877002,0.5787995669611563,15.4,12.550907870531372,0.156160652420342,-0.6233552161392946,1.288005054041058,2.200000000000001,0.7921380932973441,1.2021547831004509
PAIR_232,C06_P1,C09_P3,274.6,0.725098074334385,0.7250656099886766,1.4501636843230616,3.2464345708481135e-05,3.2464345708360653e-05,0.0,13.2,11.262902816490314,-0.635977440877002,0.5787995669611563,47.400000000000006,41.47733192433871,-0.3275517866135125,-0.5413467672186711,30.2144291078484,34.2,0.30842565426348956,1.1201463341798275
PAIR_233,C06_P1,C10_P1,274.6,0.7037031560519831,0.7037280703403686,1.4074312263923519,-2.491428838550846e-05,2.4914288385469163e-05,2.220446049250313e-16,13.2,11.262902816490314,-0.635977440877002,0.5787995669611563,61.400000000000006,48.04839655672359,0.0501482353316684,-1.2884630317235377,36.78549374023328,48.2,0.6861256762086705,1.867262598684694
PAIR_234,C06_P1,C10_P3,274.0,0.5729518849256429,0.5725031287247264,1.1454550136503692,0.0004487562009165363,0.00044875620091644475,2.220446049250313e-16,13.2,11.262902816490314,-0.635977440877002,0.5787995669611563,6.0,5.073903478101762,-0.0386797035986008,-0.441965691405108,6.188999338388552,7.199999999999999,0.5972977372784012,1.0207652583662643
PAIR_235,C06_P1,C11_P1,271.6,0.5771447147386356,0.5804509732391755,1.1575956879778113,-0.003306258500539966,0.0033062585005398937,2.220446049250313e-16,13.2,11.262902816490314,-0.635977440877002,0.5787995669611563,6.4,5.522465209787678,-0.2871785157788312,-0.1336104833641185,5.740437606702636,6.799999999999999,0.34879892509817084,0.7124100503252748
PAIR_236,C06_P1,C11_P3,272.0,0.4821539342912287,0.48586230872583774,0.9680162430170666,-0.00370837443460901,0.0037083744346090297,1.1102230246251565e-16,13.2,11.262902816490314,-0.635977440877002,0.5787995669611563,18.4,15.913468672022562,-0.4208580503338558,-0.3358837517349125,4.650565855532248,5.199999999999999,0.21511939054314622,0.9146833186960688
PAIR_237,C06_P1,C12_P1,274.6,0.5393761361407985,0.5388280769351673,1.078204213075966,0.0005480592056311121,0.0005480592056311684,2.220446049250313e-16,13.2,11.262902816490314,-0.635977440877002,0.5787995669611563,41.2,32.7799241782221,-0.242299645561289,-0.5405839470219056,21.51702136173179,28.000000000000004,0.393677795315713,1.119383513983062
PAIR_238,C06_P1,C12_P3,274.6,0.4511498261374416,0.45145659416203143,0.9026064202994731,-0.00030676802458986624,0.000306768024589843,1.1102230246251565e-16,13.2,11.262902816490314,-0.635977440877002,0.5787995669611563,16.8,13.612856105086433,-0.2456633712033578,-0.5813479143446298,2.3499532885961187,3.6000000000000014,0.39031406967364424,1.1601474813057862
PAIR_239,C06_P1,C13_P1,274.40000000000003,0.5356011204373776,0.535532569575228,1.0711336900126056,6.855086214968244e-05,6.855086214963002e-05,0.0,13.2,11.262902816490314,-0.635977440877002,0.5787995669611563,11.2,10.08242476496059,-0.3829177362862536,-0.0189544463205986,1.1804780515297235,2.0,0.25305970459074845,0.5977540132817549
PAIR_240,C06_P1,C13_P3,274.6,0.5431735953771989,0.5434753853856158,1.0866489807628148,-0.0003017900084170031,0.0003017900084169023,0.0,13.2,11.262902816490314,-0.635977440877002,0.5787995669611563,31.0,23.720512880011427,0.540599905184819,0.2060869879268265,12.457610063521113,17.8,1.176577346061821,0.3727125790343298
PAIR_241,C06_P1,C14_P1,274.6,0.526074509870556,0.5254388017832896,1.0515133116538458,0.000635708087266396,0.0006357080872664289,0.0,13.2,11.262902816490314,-0.635977440877002,0.5787995669611563,6.800000000000001,11.270433591597858,0.2021638256941889,-0.045111164156665,0.007530775107543519,6.399999999999999,0.8381412665711909,0.6239107311178214
PAIR_242,C06_P1,C14_P3,274.40000000000003,0.505525719283446,0.5053889727457606,1.0109146920292063,0.00013674653768530203,0.00013674653768547262,2.220446049250313e-16,13.2,11.262902816490314,-0.635977440877002,0.5787995669611563,5.2,9.379346353417676,-0.2710026256991154,-0.0030550817914076,1.8835564630726385,7.999999999999999,0.36497481517788666,0.5818546487525639
PAIR_243,C06_P3,C07_P1,274.6,0.5676411342765899,0.5685868375954575,1.1362279718720474,-0.0009457033188677452,0.0009457033188675634,0.0,9.6,10.635109379037832,-3.4914778328284672,12.691193603637164,49.8,37.58662227262414,-0.2600865881882627,-0.8753203793931483,26.951512893586308,40.199999999999996,3.2313912446402044,13.566513983030312
PAIR_244,C06_P3,C07_P3,274.6,0.34186844138835937,0.3432164693182442,0.6850849107066036,-0.0013480279298848056,0.0013480279298848097,1.1102230246251565e-16,9.6,10.635109379037832,-3.4914778328284672,12.691193603637164,15.6,12.815269433811183,-2.0666673939712457,4.039239853097321,2.180160054773351,6.0,1.4248104388572216,8.651953750539843
PAIR_245,C06_P3,C08_P1,274.6,0.6187279323374436,0.6202098127995773,1.238937745137021,-0.0014818804621336676,0.0014818804621337112,0.0,9.6,10.635109379037832,-3.4914778328284672,12.691193603637164,55.0,43.64177917237282,0.4474869847156655,-1.5132456321012109,33.00666979333499,45.4,3.9389648175441327,14.204439235738374
PAIR_246,C06_P3,C08_P3,274.6,0.47114666024780444,0.47275491751267695,0.9439015777604813,-0.001608257264872643,0.0016082572648725146,0.0,9.6,10.635109379037832,-3.4914778328284672,12.691193603637164,58.0,45.85047296627704,-0.4222655496919911,-1.1309064867678158,35.21536358723921,48.4,3.0692122831364763,13.82210009040498
PAIR_247,C06_P3,C09_P1,274.6,0.5536197256117702,0.5554330082637436,1.1090527338755138,-0.0018132826519734783,0.0018132826519734468,0.0,9.6,10.635109379037832,-3.4914778328284672,12.691193603637164,15.4,12.550907870531372,0.156160652420342,-0.6233552161392946,1.9157984914935398,5.800000000000001,3.6476384852488093,13.314548819776459
PAIR_248,C06_P3,C09_P3,274.6,0.5517230317216404,0.5535661053912414,1.1052891371128817,-0.0018430736696010447,0.0018430736696010142,2.220446049250313e-16,9.6,10.635109379037832,-3.4914778328284672,12.691193603637164,47.400000000000006,41.47733192433871,-0.3275517866135125,-0.5413467672186711,30.84222254530088,37.800000000000004,3.1639260462149545,13.232540370855835
PAIR_249,C06_P3,C10_P1,274.6,0.5737792284638383,0.5756796807675333,1.1494589092313718,-0.001900452303694931,0.001900452303694955,2.220446049250313e-16,9.6,10.635109379037832,-3.4914778328284672,12.691193603637164,61.400000000000006,48.04839655672359,0.0501482353316684,-1.2884630317235377,37.41328717768576,51.800000000000004,3.5416260681601357,13.979656635360701
PAIR_250,C06_P3,C10_P3,274.0,0.43997956180591447,0.4514615698659558,0.8914411316718704,-0.011482008060041347,0.011482008060041349,2.220446049250313e-16,9.6,10.635109379037832,-3.4914778328284672,12.691193603637164,6.0,5.073903478101762,-0.0386797035986008,-0.441965691405108,5.56120590093607,3.5999999999999996,3.4527981292298664,13.133159295042272
PAIR_251,C06_P3,C11_P1,271.6,0.418086900028997,0.4710345526927037,0.8891214527217008,-0.05294765266370671,0.05294765266370671,1.1102230246251565e-16,9.6,10.635109379037832,-3.4914778328284672,12.691193603637164,6.4,5.522465209787678,-0.2871785157788312,-0.1336104833641185,5.112644169250154,3.1999999999999993,3.204299317049636,12.824804087001281
PAIR_252,C06_P3,C11_P3,272.0,0.45668537218590916,0.5038836458159577,0.9605690180018669,-0.04719827363004853,0.047198273630048526,0.0,9.6,10.635109379037832,-3.4914778328284672,12.691193603637164,18.4,15.913468672022562,-0.4208580503338558,-0.3358837517349125,5.27835929298473,8.799999999999999,3.0706197824946115,13.027077355372075
PAIR_253,C06_P3,C12_P1,274.6,0.49695315861574707,0.49828063742542544,0.9952337960411725,-0.0013274788096784137,0.001327478809678373,1.1102230246251565e-16,9.6,10.635109379037832,-3.4914778328284672,12.691193603637164,41.2,32.7799241782221,-0.242299645561289,-0.5405839470219056,22.14481479918427,31.6,3.2491781872671783,13.23177755065907
PAIR_254,C06_P3,C12_P3,274.6,0.49200265070172744,0.4941849567416268,0.9861876074433541,-0.0021823060398993405,0.0021823060398993843,1.1102230246251565e-16,9.6,10.635109379037832,-3.4914778328284672,12.691193603637164,16.8,13.612856105086433,-0.2456633712033578,-0.5813479143446298,2.9777467260486006,7.200000000000001,3.2458144616251094,13.272541517981793
PAIR_255,C06_P3,C13_P1,274.40000000000003,0.5787289737730882,0.5809456201685685,1.1596745939416566,-0.002216646395480228,0.0022166463954803595,0.0,9.6,10.635109379037832,-3.4914778328284672,12.691193603637164,11.2,10.08242476496059,-0.3829177362862536,-0.0189544463205986,0.5526846140772417,1.5999999999999996,3.1085600965422135,12.710148049957763
PAIR_256,C06_P3,C13_P3,274.6,0.5309566769598676,0.5331340049835941,1.0640906819434617,-0.002177328023726555,0.002177328023726499,0.0,9.6,10.635109379037832,-3.4914778328284672,12.691193603637164,31.0,23.720512880011427,0.540599905184819,0.2060869879268265,13.085403500973595,21.4,4.032077738013286,12.485106615710338
PAIR_257,C06_P3,C14_P1,274.6,0.5337911122020166,0.5350309421300598,1.068822054332076,-0.001239829928043117,0.001239829928043168,2.220446049250313e-16,9.6,10.635109379037832,-3.4914778328284672,12.691193603637164,6.800000000000001,11.270433591597858,0.2021638256941889,-0.045111164156665,0.6353242125600254,2.799999999999999,3.6936416585226564,12.736304767793829
PAIR_258,C06_P3,C14_P3,274.40000000000003,0.5081931295357887,0.5103415802557332,1.0185347097915218,-0.0021484507199445307,0.002148450719944517,0.0,9.6,10.635109379037832,-3.4914778328284672,12.691193603637164,5.2,9.379346353417676,-0.2710026256991154,-0.0030550817914076,1.2557630256201566,4.3999999999999995,3.220475207129352,12.69424868542857
PAIR_259,C07_P1,C07_P3,274.6,0.6742316784103889,0.6746340030214062,1.348865681431795,-0.00040232461101717665,0.00040232461101730177,0.0,49.8,37.58662227262414,-0.2600865881882627,-0.8753203793931483,15.6,12.815269433811183,-2.0666673939712457,4.039239853097321,24.77135283881296,34.199999999999996,1.8065808057829829,4.914560232490469
PAIR_260,C07_P1,C08_P1,274.6,0.21000503599660175,0.21054121313986787,0.42054624913646954,-0.0005361771432661099,0.00053617714326612,1.1102230246251565e-16,49.8,37.58662227262414,-0.2600865881882627,-0.8753203793931483,55.0,43.64177917237282,0.4474869847156655,-1.5132456321012109,6.055156899748681,5.200000000000003,0.7075735729039282,0.6379252527080626
PAIR_261,C07_P1,C08_P3,274.6,0.8364104732675361,0.8370730272135412,1.6734835004810773,-0.0006625539460052084,0.0006625539460050067,0.0,49.8,37.58662227262414,-0.2600865881882627,-0.8753203793931483,58.0,45.85047296627704,-0.4222655496919911,-1.1309064867678158,8.263850693652898,8.200000000000003,0.1621789615037284,0.25558610737466747
PAIR_262,C07_P1,C09_P1,274.6,0.3663317422104234,0.3671993215435294,0.7335310637539528,-0.0008675793331059141,0.0008675793331059944,0.0,49.8,37.58662227262414,-0.2600865881882627,-0.8753203793931483,15.4,12.550907870531372,0.156160652420342,-0.6233552161392946,25.03571440209277,34.4,0.4162472406086047,0.25196516325385376
PAIR_263,C07_P1,C09_P3,274.6,0.16183863662478148,0.16273600697551494,0.32457464360029636,-0.0008973703507334741,0.0008973703507334507,5.551115123125783e-17,49.8,37.58662227262414,-0.2600865881882627,-0.8753203793931483,47.400000000000006,41.47733192433871,-0.3275517866135125,-0.5413467672186711,3.890709651714573,2.3999999999999915,0.06746519842524978,0.3339736121744772
PAIR_264,C07_P1,C10_P1,274.6,0.21131810873911117,0.2122728577239385,0.42359096646304967,-0.0009547489848273085,0.0009547489848273361,0.0,49.8,37.58662227262414,-0.2600865881882627,-0.8753203793931483,61.400000000000006,48.04839655672359,0.0501482353316684,-1.2884630317235377,10.461774284099448,11.600000000000009,0.3102348235199311,0.4131426523303894
PAIR_265,C07_P1,C10_P3,274.0,0.5829363376269762,0.5836610462883879,1.166597383915364,-0.0007247086614117248,0.0007247086614117215,0.0,49.8,37.58662227262414,-0.2600865881882627,-0.8753203793931483,6.0,5.073903478101762,-0.0386797035986008,-0.441965691405108,32.51271879452238,43.8,0.2214068845896619,0.43335468798804033
PAIR_266,C07_P1,C11_P1,271.6,0.4834652451969023,0.4786225558578646,0.962087801054767,0.0048426893390376945,0.004842689339037698,1.1102230246251565e-16,49.8,37.58662227262414,-0.2600865881882627,-0.8753203793931483,6.4,5.522465209787678,-0.2871785157788312,-0.1336104833641185,32.064157062836465,43.4,0.0270919275905685,0.7417098960290298
PAIR_267,C07_P1,C11_P3,272.0,0.6864686230759593,0.6842009968451741,1.3706696199211332,0.002267626230785299,0.002267626230785247,2.220446049250313e-16,49.8,37.58662227262414,-0.2600865881882627,-0.8753203793931483,18.4,15.913468672022562,-0.4208580503338558,-0.3358837517349125,21.67315360060158,31.4,0.16077146214559312,0.5394366276582359
PAIR_268,C07_P1,C12_P1,274.6,0.7743396837249441,0.7747214592157549,1.5490611429406989,-0.0003817754908108238,0.000381775490810754,0.0,49.8,37.58662227262414,-0.2600865881882627,-0.8753203793931483,41.2,32.7799241782221,-0.242299645561289,-0.5405839470219056,4.806698094402037,8.599999999999994,0.017786942626973695,0.33473643237124273
PAIR_269,C07_P1,C12_P3,274.6,0.6285732515870742,0.6298098543081058,1.25838310589518,-0.0012366027210317246,0.0012366027210315433,0.0,49.8,37.58662227262414,-0.2600865881882627,-0.8753203793931483,16.8,13.612856105086433,-0.2456633712033578,-0.5813479143446298,23.973766167537708,33.0,0.014423216984904896,0.2939724650485185
PAIR_270,C07_P1,C13_P1,274.40000000000003,0.5607690673660827,0.5632297140592739,1.1239987814253565,-0.0024606466931911273,0.0024606466931912374,2.220446049250313e-16,49.8,37.58662227262414,-0.2600865881882627,-0.8753203793931483,11.2,10.08242476496059,-0.3829177362862536,-0.0189544463205986,27.504197507663548,38.599999999999994,0.1228311480979909,0.8563659330725497
PAIR_271,C07_P1,C13_P3,274.6,0.7251999333113853,0.7264315580162443,1.4516314913276296,-0.001231624704858965,0.0012316247048589357,0.0,49.8,37.58662227262414,-0.2600865881882627,-0.8753203793931483,31.0,23.720512880011427,0.540599905184819,0.2060869879268265,13.866109392612714,18.799999999999997,0.8006864933730817,1.0814073673199749
PAIR_272,C07_P1,C14_P1,274.6,0.7020184792603997,0.7023126058695753,1.4043310851299748,-0.0002941266091754623,0.0002941266091756045,2.220446049250313e-16,49.8,37.58662227262414,-0.2600865881882627,-0.8753203793931483,6.800000000000001,11.270433591597858,0.2021638256941889,-0.045111164156665,26.316188681026283,43.0,0.4622504138824516,0.8302092152364833
PAIR_273,C07_P1,C14_P3,274.40000000000003,0.5322881646611543,0.5346806156788096,1.0669687803399641,-0.002392451017655482,0.002392451017655395,2.220446049250313e-16,49.8,37.58662227262414,-0.2600865881882627,-0.8753203793931483,5.2,9.379346353417676,-0.2710026256991154,-0.0030550817914076,28.207275919206467,44.599999999999994,0.010916037510852683,0.8722652976017408
PAIR_274,C07_P3,C08_P1,274.6,0.7017668074678589,0.7019006600001079,1.4036674674679668,-0.0001338525322489526,0.000133852532248957,0.0,15.6,12.815269433811183,-2.0666673939712457,4.039239853097321,55.0,43.64177917237282,0.4474869847156655,-1.5132456321012109,30.82650973856164,39.4,2.514154378686911,5.552485485198532
PAIR_275,C07_P3,C08_P3,274.6,0.3357709939247037,0.3360312232596915,0.6718022171843951,-0.00026022933498785056,0.00026022933498776046,0.0,15.6,12.815269433811183,-2.0666673939712457,4.039239853097321,58.0,45.85047296627704,-0.4222655496919911,-1.1309064867678158,33.03520353246586,42.4,1.6444018442792545,5.170146339865137
PAIR_276,C07_P3,C09_P1,274.6,0.6470076316709865,0.6474728863930753,1.2944805180640617,-0.0004652547220888151,0.0004652547220888037,2.220446049250313e-16,15.6,12.815269433811183,-2.0666673939712457,4.039239853097321,15.4,12.550907870531372,0.156160652420342,-0.6233552161392946,0.2643615632798113,0.1999999999999993,2.2228280463915877,4.662595069236616
PAIR_277,C07_P3,C09_P3,274.6,0.6541763227620372,0.6546713685017534,1.3088476912637907,-0.0004950457397164333,0.00049504573971626,0.0,15.6,12.815269433811183,-2.0666673939712457,4.039239853097321,47.400000000000006,41.47733192433871,-0.3275517866135125,-0.5413467672186711,28.662062490527532,31.800000000000004,1.7391156073577332,4.580586620315993
PAIR_278,C07_P3,C10_P1,274.6,0.6789941773605435,0.6795466017343536,1.358540779094897,-0.0005524243738101125,0.0005524243738100898,2.220446049250313e-16,15.6,12.815269433811183,-2.0666673939712457,4.039239853097321,61.400000000000006,48.04839655672359,0.0501482353316684,-1.2884630317235377,35.23312712291241,45.800000000000004,2.116815629302914,5.327702884820859
PAIR_279,C07_P3,C10_P3,274.0,0.5474295010898523,0.5520975235942726,1.0995270246841249,-0.004668022504420248,0.004668022504420222,0.0,15.6,12.815269433811183,-2.0666673939712457,4.039239853097321,6.0,5.073903478101762,-0.0386797035986008,-0.441965691405108,7.741365955709421,9.6,2.027987690372645,4.481205544502429
PAIR_280,C07_P3,C11_P1,271.6,0.570867647532258,0.5988718559712061,1.1697395035034641,-0.028004208438948033,0.02800420843894802,0.0,15.6,12.815269433811183,-2.0666673939712457,4.039239853097321,6.4,5.522465209787678,-0.2871785157788312,-0.1336104833641185,7.292804224023505,9.2,1.7794888781924145,4.1728503364614395
PAIR_281,C07_P3,C11_P3,272.0,0.5841058682237453,0.6091813316276982,1.1932871998514434,-0.02507546340395288,0.025075463403952836,2.220446049250313e-16,15.6,12.815269433811183,-2.0666673939712457,4.039239853097321,18.4,15.913468672022562,-0.4208580503338558,-0.3358837517349125,3.0981992382113788,2.799999999999999,1.64580934363739,4.3751236048322335
PAIR_282,C07_P3,C12_P1,274.6,0.3700007008582518,0.36998015173804544,0.7399808525962972,2.054912020645638e-05,2.0549120206381222e-05,0.0,15.6,12.815269433811183,-2.0666673939712457,4.039239853097321,41.2,32.7799241782221,-0.242299645561289,-0.5405839470219056,19.96465474441092,25.6,1.8243677484099567,4.579823800119227
PAIR_283,C07_P3,C12_P3,274.6,0.5592942677602328,0.5601285458702473,1.11942281363048,-0.0008342781100145997,0.0008342781100144636,0.0,15.6,12.815269433811183,-2.0666673939712457,4.039239853097321,16.8,13.612856105086433,-0.2456633712033578,-0.5813479143446298,0.7975866712752495,1.200000000000001,1.8210040227678879,4.62058776744195
PAIR_284,C07_P3,C13_P1,274.40000000000003,0.5819296848521263,0.5820173520146306,1.163947036866757,-8.766716250444305e-05,8.766716250430129e-05,2.220446049250313e-16,15.6,12.815269433811183,-2.0666673939712457,4.039239853097321,11.2,10.08242476496059,-0.3829177362862536,-0.0189544463205986,2.7328446688505927,4.4,1.683749657684992,4.058194299417919
PAIR_285,C07_P3,C13_P3,274.6,0.43915209426701607,0.43998139436085787,0.8791334886278739,-0.0008293000938417882,0.0008293000938418005,0.0,15.6,12.815269433811183,-2.0666673939712457,4.039239853097321,31.0,23.720512880011427,0.540599905184819,0.2060869879268265,10.905243446200243,15.4,2.6072672991560646,3.8331528651704945
PAIR_286,C07_P3,C14_P1,274.6,0.42969848921924275,0.42959029121740105,0.8592887804366439,0.00010819800184163021,0.00010819800184169726,1.1102230246251565e-16,15.6,12.815269433811183,-2.0666673939712457,4.039239853097321,6.800000000000001,11.270433591597858,0.2021638256941889,-0.045111164156665,1.5448358422133257,8.799999999999999,2.2688312196654348,4.084351017253986
PAIR_287,C07_P3,C14_P3,274.40000000000003,0.5464333355524367,0.5464528070394054,1.092886142591842,-1.9471486968797576e-05,1.947148696868073e-05,0.0,15.6,12.815269433811183,-2.0666673939712457,4.039239853097321,5.2,9.379346353417676,-0.2710026256991154,-0.0030550817914076,3.4359230803935077,10.399999999999999,1.7956647682721303,4.042294934888728
PAIR_288,C08_P1,C08_P3,274.6,0.8873277110941198,0.8874540878968586,1.7747817989909784,-0.00012637680273887208,0.00012637680273885898,0.0,55.0,43.64177917237282,0.4474869847156655,-1.5132456321012109,58.0,45.85047296627704,-0.4222655496919911,-1.1309064867678158,2.2086937939042173,3.0,0.8697525344076567,0.3823391453333951
PAIR_289,C08_P1,C09_P1,274.6,0.4198367136804312,0.4201681158702711,0.8400048295507023,-0.00033140218983983657,0.0003314021898399022,0.0,55.0,43.64177917237282,0.4474869847156655,-1.5132456321012109,15.4,12.550907870531372,0.156160652420342,-0.6233552161392946,31.09087130184145,39.6,0.2913263322953235,0.8898904159619163
PAIR_290,C08_P1,C09_P3,274.6,0.2607142211743108,0.2610754143817782,0.5217896355560891,-0.00036119320746737726,0.000361193207467414,1.1102230246251565e-16,55.0,43.64177917237282,0.4474869847156655,-1.5132456321012109,47.400000000000006,41.47733192433871,-0.3275517866135125,-0.5413467672186711,2.164447248034108,7.599999999999994,0.775038771329178,0.9718988648825397
PAIR_291,C08_P1,C10_P1,274.6,0.21439805369633033,0.21481662553789152,0.4292146792342218,-0.00041857184156121163,0.0004185718415611883,5.551115123125783e-17,55.0,43.64177917237282,0.4474869847156655,-1.5132456321012109,61.400000000000006,48.04839655672359,0.0501482353316684,-1.2884630317235377,4.406617384350767,6.400000000000006,0.3973387493839971,0.22478260037767317
PAIR_292,C08_P1,C10_P3,274.0,0.5974169964511385,0.5969098317817746,1.1943268282329131,0.0005071646693640823,0.0005071646693639575,0.0,55.0,43.64177917237282,0.4474869847156655,-1.5132456321012109,6.0,5.073903478101762,-0.0386797035986008,-0.441965691405108,38.56787569427106,49.0,0.4861666883142663,1.0712799406961029
PAIR_293,C08_P1,C11_P1,271.6,0.5821696344691453,0.5819078164940877,1.1640774509632332,0.0002618179750572798,0.00026181797505753224,2.220446049250313e-16,55.0,43.64177917237282,0.4474869847156655,-1.5132456321012109,6.4,5.522465209787678,-0.2871785157788312,-0.1336104833641185,38.119313962585146,48.6,0.7346655004944966,1.3796351487370924
PAIR_294,C08_P1,C11_P3,272.0,0.7415900860172295,0.7424375670753157,1.4840276530925451,-0.0008474810580860748,0.0008474810580861858,0.0,55.0,43.64177917237282,0.4474869847156655,-1.5132456321012109,18.4,15.913468672022562,-0.4208580503338558,-0.3358837517349125,27.72831050035026,36.6,0.8683450350495213,1.1773618803662984
PAIR_295,C08_P1,C12_P1,274.6,0.8116172359595369,0.8114628343070815,1.6230800702666184,0.0001544016524553055,0.00015440165245539372,2.220446049250313e-16,55.0,43.64177917237282,0.4474869847156655,-1.5132456321012109,41.2,32.7799241782221,-0.242299645561289,-0.5405839470219056,10.861854994150718,13.799999999999997,0.6897866302769545,0.9726616850793053
PAIR_296,C08_P1,C12_P3,274.6,0.5756934675623071,0.5763938931400727,1.1520873607023796,-0.0007004255777655953,0.0007004255777656176,2.220446049250313e-16,55.0,43.64177917237282,0.4474869847156655,-1.5132456321012109,16.8,13.612856105086433,-0.2456633712033578,-0.5813479143446298,30.02892306728639,38.2,0.6931503559190233,0.931897717756581
PAIR_297,C08_P1,C13_P1,274.40000000000003,0.5522736021393228,0.5534876144425684,1.105761216581891,-0.0012140123032456595,0.0012140123032456929,2.220446049250313e-16,55.0,43.64177917237282,0.4474869847156655,-1.5132456321012109,11.2,10.08242476496059,-0.3829177362862536,-0.0189544463205986,33.55935440741223,43.8,0.8304047210019191,1.4942911857806123
PAIR_298,C08_P1,C13_P3,274.6,0.7529069840656671,0.7536024316272599,1.5065094156929273,-0.0006954475615928356,0.000695447561592788,2.220446049250313e-16,55.0,43.64177917237282,0.4474869847156655,-1.5132456321012109,31.0,23.720512880011427,0.540599905184819,0.2060869879268265,19.921266292361395,24.0,0.09311292046915354,1.7193326200280374
PAIR_299,C08_P1,C14_P1,274.6,0.6799810918220839,0.6797390412879932,1.3597201331100772,0.00024205053409056342,0.00024205053409065425,2.220446049250313e-16,55.0,43.64177917237282,0.4474869847156655,-1.5132456321012109,6.800000000000001,11.270433591597858,0.2021638256941889,-0.045111164156665,32.371345580774964,48.2,0.2453231590214766,1.4681344679445458
PAIR_300,C08_P1,C14_P3,274.40000000000003,0.5085597729614617,0.5097055895891718,1.0182653625506335,-0.0011458166277099622,0.0011458166277100723,0.0,55.0,43.64177917237282,0.4474869847156655,-1.5132456321012109,5.2,9.379346353417676,-0.2710026256991154,-0.0030550817914076,34.26243281895515,49.8,0.7184896104147809,1.5101905503098032
PAIR_301,C08_P3,C09_P1,274.6,0.732662430435331,0.732867455822432,1.4655298862577628,-0.00020502538710099038,0.00020502538710098772,0.0,58.0,45.85047296627704,-0.4222655496919911,-1.1309064867678158,15.4,12.550907870531372,0.156160652420342,-0.6233552161392946,33.29956509574566,42.6,0.5784262021123331,0.5075512706285212
PAIR_302,C08_P3,C09_P3,274.6,0.8246037754049106,0.8248385918096389,1.6494423672145495,-0.0002348164047284017,0.00023481640472833298,0.0,58.0,45.85047296627704,-0.4222655496919911,-1.1309064867678158,47.400000000000006,41.47733192433871,-0.3275517866135125,-0.5413467672186711,4.373141041938325,10.599999999999994,0.09471376307847862,0.5895597195491447
PAIR_303,C08_P3,C10_P1,274.6,0.8500051549037515,0.8502973499425738,1.7003025048463254,-0.0002921950388222878,0.0002921950388222738,0.0,58.0,45.85047296627704,-0.4222655496919911,-1.1309064867678158,61.400000000000006,48.04839655672359,0.0501482353316684,-1.2884630317235377,2.1979235904465497,3.4000000000000057,0.4724137850236595,0.1575565449557219
PAIR_304,C08_P3,C10_P3,274.0,0.4956418867712449,0.4993869238418773,0.9950288106131221,-0.003745037070632417,0.0037450370706323954,1.1102230246251565e-16,58.0,45.85047296627704,-0.4222655496919911,-1.1309064867678158,6.0,5.073903478101762,-0.0386797035986008,-0.441965691405108,40.77656948817528,52.0,0.3835858460933903,0.6889407953627078
PAIR_305,C08_P3,C11_P1,271.6,0.5512990591345682,0.5718606835103646,1.123159742644933,-0.02056162437579628,0.02056162437579634,0.0,58.0,45.85047296627704,-0.4222655496919911,-1.1309064867678158,6.4,5.522465209787678,-0.2871785157788312,-0.1336104833641185,40.32800775648936,51.6,0.1350870339131599,0.9972960034036973
PAIR_306,C08_P3,C11_P3,272.0,0.43362476596201993,0.45257849640843917,0.8862032623704592,-0.01895373044641931,0.018953730446419237,1.1102230246251565e-16,58.0,45.85047296627704,-0.4222655496919911,-1.1309064867678158,18.4,15.913468672022562,-0.4208580503338558,-0.3358837517349125,29.93700429425448,39.6,0.001407499358135278,0.7950227350329033
PAIR_307,C08_P3,C12_P1,274.6,0.24244641678616954,0.24216563833097526,0.4846120551171448,0.000280778455194294,0.00028077845519428046,0.0,58.0,45.85047296627704,-0.4222655496919911,-1.1309064867678158,41.2,32.7799241782221,-0.242299645561289,-0.5405839470219056,13.070548788054936,16.799999999999997,0.1799659041307021,0.5903225397459102
PAIR_308,C08_P3,C12_P3,274.6,0.5765856194577358,0.5771596682327624,1.1537452876904983,-0.0005740487750266715,0.0005740487750266476,0.0,58.0,45.85047296627704,-0.4222655496919911,-1.1309064867678158,16.8,13.612856105086433,-0.2456633712033578,-0.5813479143446298,32.2376168611906,41.2,0.1766021784886333,0.549558572423186
PAIR_309,C08_P3,C13_P1,274.40000000000003,0.5757242547879027,0.5750886849801294,1.150812939768032,0.0006355698077733196,0.0006355698077732397,0.0,58.0,45.85047296627704,-0.4222655496919911,-1.1309064867678158,11.2,10.08242476496059,-0.3829177362862536,-0.0189544463205986,35.76804820131645,46.8,0.03934781340573751,1.1119520404472172
PAIR_310,C08_P3,C13_P3,274.6,0.3137883424417937,0.31435741320064775,0.6281457556424415,-0.0005690707588539377,0.00056907075885404,0.0,58.0,45.85047296627704,-0.4222655496919911,-1.1309064867678158,31.0,23.720512880011427,0.540599905184819,0.2060869879268265,22.129960086265612,27.0,0.9628654548768101,1.3369934746946424
PAIR_311,C08_P3,C14_P1,274.6,0.417415864492406,0.4170474371555764,0.8344633016479822,0.00036842733682948726,0.00036842733682956874,1.1102230246251565e-16,58.0,45.85047296627704,-0.4222655496919911,-1.1309064867678158,6.800000000000001,11.270433591597858,0.2021638256941889,-0.045111164156665,34.58003937467918,51.2,0.62442937538618,1.0857953226111507
PAIR_312,C08_P3,C14_P3,274.40000000000003,0.6364851411647073,0.6357813756813985,1.2722665168461058,0.0007037654833090168,0.0007037654833088602,0.0,58.0,45.85047296627704,-0.4222655496919911,-1.1309064867678158,5.2,9.379346353417676,-0.2710026256991154,-0.0030550817914076,36.471126612859365,52.8,0.15126292399287572,1.1278514049764081
PAIR_313,C09_P1,C09_P3,274.6,0.30304431669491727,0.30307410771254484,0.6061184244074621,-2.9791017627527764e-05,2.9791017627567307e-05,0.0,15.4,12.550907870531372,0.156160652420342,-0.6233552161392946,47.400000000000006,41.47733192433871,-0.3275517866135125,-0.5413467672186711,28.92642405380734,32.00000000000001,0.48371243903385447,0.08200844892062342
PAIR_314,C09_P1,C10_P1,274.6,0.32630299317401346,0.3263901628257349,0.6526931559997483,-8.716965172134916e-05,8.716965172145263e-05,1.1102230246251565e-16,15.4,12.550907870531372,0.156160652420342,-0.6233552161392946,61.400000000000006,48.04839655672359,0.0501482353316684,-1.2884630317235377,35.49748868619221,46.00000000000001,0.1060124170886736,0.6651078155842431
PAIR_315,C09_P1,C10_P3,274.0,0.5218957555442342,0.5184382727703676,1.0403340283146016,0.003457482773866481,0.0034574827738665936,2.220446049250313e-16,15.4,12.550907870531372,0.156160652420342,-0.6233552161392946,6.0,5.073903478101762,-0.0386797035986008,-0.441965691405108,7.47700439242961,9.4,0.19484035601894278,0.18138952473418657
PAIR_316,C09_P1,C11_P1,271.6,0.5114933018811177,0.49793026948977165,1.0094235713708894,0.013563032391346014,0.013563032391346097,0.0,15.4,12.550907870531372,0.156160652420342,-0.6233552161392946,6.4,5.522465209787678,-0.2871785157788312,-0.1336104833641185,7.028442660743694,9.0,0.4433391681991732,0.48974473277517605
PAIR_317,C09_P1,C11_P3,272.0,0.5794383359556303,0.5679587296089108,1.1473970655645411,0.011479606346719544,0.011479606346719518,0.0,15.4,12.550907870531372,0.156160652420342,-0.6233552161392946,18.4,15.913468672022562,-0.4208580503338558,-0.3358837517349125,3.36256080149119,2.9999999999999982,0.5770187027541978,0.2874714644043821
PAIR_318,C09_P1,C12_P1,274.6,0.6757520364126289,0.6752662325703337,1.3510182689829626,0.00048580384229527144,0.00048580384229524043,0.0,15.4,12.550907870531372,0.156160652420342,-0.6233552161392946,41.2,32.7799241782221,-0.242299645561289,-0.5405839470219056,20.22901630769073,25.800000000000004,0.39846029798163096,0.08277126911738897
PAIR_319,C09_P1,C12_P3,274.6,0.603785822523588,0.6041548459115139,1.2079406684351022,-0.0003690233879257587,0.00036902338792588196,2.220446049250313e-16,15.4,12.550907870531372,0.156160652420342,-0.6233552161392946,16.8,13.612856105086433,-0.2456633712033578,-0.5813479143446298,1.0619482345550608,1.4000000000000004,0.4018240236236998,0.04200730179466472
PAIR_320,C09_P1,C13_P1,274.40000000000003,0.48374930797009846,0.4849677042155777,0.9687170121856763,-0.001218396245479239,0.0012183962454792585,1.1102230246251565e-16,15.4,12.550907870531372,0.156160652420342,-0.6233552161392946,11.2,10.08242476496059,-0.3829177362862536,-0.0189544463205986,2.4684831055707814,4.200000000000001,0.5390783887065955,0.604400769818696
PAIR_321,C09_P1,C13_P3,274.6,0.6425856537270642,0.642949699098817,1.2855353528258813,-0.0003640453717529732,0.00036404537175283025,0.0,15.4,12.550907870531372,0.156160652420342,-0.6233552161392946,31.0,23.720512880011427,0.540599905184819,0.2060869879268265,11.169605009480055,15.6,0.38443925276447705,0.8294422040661211
PAIR_322,C09_P1,C14_P1,274.6,0.6510416041594116,0.6504681514354812,1.301509755594893,0.0005734527239304258,0.0005734527239303899,2.220446049250313e-16,15.4,12.550907870531372,0.156160652420342,-0.6233552161392946,6.800000000000001,11.270433591597858,0.2021638256941889,-0.045111164156665,1.2804742789335144,8.6,0.0460031732738469,0.5782440519826295
PAIR_323,C09_P1,C14_P3,274.40000000000003,0.5927412124011168,0.5938914129710602,1.1866326253721768,-0.0011502005699435417,0.001150200569943416,2.220446049250313e-16,15.4,12.550907870531372,0.156160652420342,-0.6233552161392946,5.2,9.379346353417676,-0.2710026256991154,-0.0030550817914076,3.1715615171136964,10.2,0.42716327811945737,0.620300134347887
PAIR_324,C09_P3,C10_P1,274.6,0.1292564125670458,0.12931379120113962,0.2585702037681854,-5.737863409383434e-05,5.737863409382982e-05,0.0,47.400000000000006,41.47733192433871,-0.3275517866135125,-0.5413467672186711,61.400000000000006,48.04839655672359,0.0501482353316684,-1.2884630317235377,6.571064632384875,14.0,0.3777000219451809,0.7471162645048666
PAIR_325,C09_P3,C10_P3,274.0,0.5725981485253958,0.5676911952193725,1.1402893437447685,0.004906953306023343,0.0049069533060233095,2.220446049250313e-16,47.400000000000006,41.47733192433871,-0.3275517866135125,-0.5413467672186711,6.0,5.073903478101762,-0.0386797035986008,-0.441965691405108,36.40342844623695,41.400000000000006,0.2888720830149117,0.09938107581356315
PAIR_326,C09_P3,C11_P1,271.6,0.5051781360089576,0.4851847750053935,0.990362911014351,0.01999336100356407,0.01999336100356408,0.0,47.400000000000006,41.47733192433871,-0.3275517866135125,-0.5413467672186711,6.4,5.522465209787678,-0.2871785157788312,-0.1336104833641185,35.95486671455104,41.00000000000001,0.040373270834681285,0.40773628385455263
PAIR_327,C09_P3,C11_P3,272.0,0.6795644829750347,0.6628898819032151,1.3424543648782497,0.016674601071819638,0.016674601071819617,2.220446049250313e-16,47.400000000000006,41.47733192433871,-0.3275517866135125,-0.5413467672186711,18.4,15.913468672022562,-0.4208580503338558,-0.3358837517349125,25.563863252316153,29.000000000000007,0.09330626372034334,0.20546301548375867
PAIR_328,C09_P3,C12_P1,274.6,0.7698986908365665,0.7693830959766438,1.5392817868132103,0.0005155948599227863,0.0005155948599226967,0.0,47.400000000000006,41.47733192433871,-0.3275517866135125,-0.5413467672186711,41.2,32.7799241782221,-0.242299645561289,-0.5405839470219056,8.69740774611661,6.200000000000003,0.08525214105222348,0.0007628201967655457
PAIR_329,C09_P3,C12_P3,274.6,0.6060669876095675,0.6064062199798658,1.212473207589433,-0.000339232370298218,0.00033923237029831466,2.220446049250313e-16,47.400000000000006,41.47733192433871,-0.3275517866135125,-0.5413467672186711,16.8,13.612856105086433,-0.2456633712033578,-0.5813479143446298,27.86447581925228,30.600000000000005,0.08188841541015468,0.0400011471259587
PAIR_330,C09_P3,C13_P1,274.40000000000003,0.5367951088364096,0.5383363641382893,1.075131472974699,-0.001541255301879856,0.0015412553018797626,2.220446049250313e-16,47.400000000000006,41.47733192433871,-0.3275517866135125,-0.5413467672186711,11.2,10.08242476496059,-0.3829177362862536,-0.0189544463205986,31.39490715937812,36.2,0.05536594967274111,0.5223923208980725
PAIR_331,C09_P3,C13_P3,274.6,0.7132204458884207,0.7135547002425463,1.426775146130967,-0.00033425435412556186,0.000334254354125596,0.0,47.400000000000006,41.47733192433871,-0.3275517866135125,-0.5413467672186711,31.0,23.720512880011427,0.540599905184819,0.2060869879268265,17.756819044327287,16.400000000000006,0.8681516917983315,0.7474337551454977
PAIR_332,C09_P3,C14_P1,274.6,0.6802597210303801,0.6796564772888222,1.3599161983192023,0.0006032437415579406,0.0006032437415579572,0.0,47.400000000000006,41.47733192433871,-0.3275517866135125,-0.5413467672186711,6.800000000000001,11.270433591597858,0.2021638256941889,-0.045111164156665,30.206898332740856,40.60000000000001,0.5297156123077014,0.49623560306200615
PAIR_333,C09_P3,C14_P3,274.40000000000003,0.5098110308354323,0.5112840904617765,1.021095121297209,-0.0014730596263441069,0.001473059626344142,2.220446049250313e-16,47.400000000000006,41.47733192433871,-0.3275517866135125,-0.5413467672186711,5.2,9.379346353417676,-0.2710026256991154,-0.0030550817914076,32.09798557092104,42.2,0.0565491609143971,0.5382916854272636
PAIR_334,C10_P1,C10_P3,274.0,0.5948076351191177,0.5904629401077279,1.1852705752268455,0.004344695011389979,0.0043446950113897875,2.220446049250313e-16,61.400000000000006,48.04839655672359,0.0501482353316684,-1.2884630317235377,6.0,5.073903478101762,-0.0386797035986008,-0.441965691405108,42.974493078621826,55.400000000000006,0.08882793893026919,0.8464973403184297
PAIR_335,C10_P1,C11_P1,271.6,0.5413270589663606,0.5242897923633568,1.0656168513297175,0.01703726660300383,0.017037266603003753,2.220446049250313e-16,61.400000000000006,48.04839655672359,0.0501482353316684,-1.2884630317235377,6.4,5.522465209787678,-0.2871785157788312,-0.1336104833641185,42.52593134693591,55.00000000000001,0.3373267511104996,1.1548525483594192
PAIR_336,C10_P1,C11_P3,272.0,0.7051780493318068,0.6912590726699512,1.3964371220017582,0.013918976661855709,0.013918976661855598,0.0,61.400000000000006,48.04839655672359,0.0501482353316684,-1.2884630317235377,18.4,15.913468672022562,-0.4208580503338558,-0.3358837517349125,32.13492788470103,43.00000000000001,0.4710062856655242,0.9525792799886252
PAIR_337,C10_P1,C12_P1,274.6,0.797891109787847,0.7973181362938305,1.5952092460816778,0.0005729734940165688,0.0005729734940165265,2.220446049250313e-16,61.400000000000006,48.04839655672359,0.0501482353316684,-1.2884630317235377,41.2,32.7799241782221,-0.242299645561289,-0.5405839470219056,15.268472378501485,20.200000000000003,0.29244788089295737,0.7478790847016321
PAIR_338,C10_P1,C12_P3,274.6,0.5599020806100622,0.5601839343462666,1.1200860149563288,-0.0002818537362043319,0.0002818537362043738,0.0,61.400000000000006,48.04839655672359,0.0501482353316684,-1.2884630317235377,16.8,13.612856105086433,-0.2456633712033578,-0.5813479143446298,34.43554045163715,44.60000000000001,0.2958116065350262,0.7071151173789079
PAIR_339,C10_P1,C13_P1,274.40000000000003,0.5024098273041719,0.5035405505866697,1.0059503778908416,-0.0011307232824977812,0.0011307232824977476,0.0,61.400000000000006,48.04839655672359,0.0501482353316684,-1.2884630317235377,11.2,10.08242476496059,-0.3829177362862536,-0.0189544463205986,37.965971791762996,50.2,0.433065971617922,1.269508585402939
PAIR_340,C10_P1,C13_P3,274.6,0.7379133925523946,0.7381902682724263,1.476103660824821,-0.00027687572003167577,0.00027687572003165517,2.220446049250313e-16,61.400000000000006,48.04839655672359,0.0501482353316684,-1.2884630317235377,31.0,23.720512880011427,0.540599905184819,0.2060869879268265,24.327883676712162,30.400000000000006,0.49045166985315064,1.4945500196503643
PAIR_341,C10_P1,C14_P1,274.6,0.6814821321436437,0.6808215097679919,1.3623036419116357,0.0006606223756517233,0.000660622375651787,0.0,61.400000000000006,48.04839655672359,0.0501482353316684,-1.2884630317235377,6.800000000000001,11.270433591597858,0.2021638256941889,-0.045111164156665,36.77796296512573,54.60000000000001,0.1520155903625205,1.2433518675668727
PAIR_342,C10_P1,C14_P3,274.40000000000003,0.45902748068321225,0.4600900082901743,0.9191174889733866,-0.0010625276069620839,0.0010625276069620715,0.0,61.400000000000006,48.04839655672359,0.0501482353316684,-1.2884630317235377,5.2,9.379346353417676,-0.2710026256991154,-0.0030550817914076,38.669050203305915,56.2,0.3211508610307838,1.28540794993213
PAIR_343,C10_P3,C11_P1,271.6,0.5099799502718895,0.5188888300017839,1.0288687802736733,-0.008908879729894233,0.008908879729894403,0.0,6.0,5.073903478101762,-0.0386797035986008,-0.441965691405108,6.4,5.522465209787678,-0.2871785157788312,-0.1336104833641185,0.44856173168591607,0.40000000000000036,0.2484988121802304,0.3083552080409895
PAIR_344,C10_P3,C11_P3,272.0,0.4705342295464995,0.47781805908732494,0.9483522886338245,-0.007283829540825502,0.007283829540825459,0.0,6.0,5.073903478101762,-0.0386797035986008,-0.441965691405108,18.4,15.913468672022562,-0.4208580503338558,-0.3358837517349125,10.8395651939208,12.399999999999999,0.382178346735255,0.10608193967019552
PAIR_345,C10_P3,C12_P1,274.0,0.5342001425883174,0.5302192173492003,1.0644193599375176,0.003980925239117107,0.0039809252391170835,0.0,6.0,5.073903478101762,-0.0386797035986008,-0.441965691405108,41.2,32.7799241782221,-0.242299645561289,-0.5405839470219056,27.70602070012034,35.2,0.2036199419626882,0.0986182556167976
PAIR_346,C10_P3,C12_P3,274.0,0.6205620135122468,0.6201391473677883,1.2407011608800353,0.0004228661444584787,0.00042286614445852244,2.220446049250313e-16,6.0,5.073903478101762,-0.0386797035986008,-0.441965691405108,16.8,13.612856105086433,-0.2456633712033578,-0.5813479143446298,8.53895262698467,10.8,0.206983667604757,0.13938222293952185
PAIR_347,C10_P3,C13_P1,274.0,0.6072700961423811,0.6102631459187501,1.2175332420611316,-0.002993049776368951,0.002993049776368939,4.440892098500626e-16,6.0,5.073903478101762,-0.0386797035986008,-0.441965691405108,11.2,10.08242476496059,-0.3829177362862536,-0.0189544463205986,5.008521286858828,5.199999999999999,0.3442380326876528,0.4230112450845094
PAIR_348,C10_P3,C13_P3,274.0,0.5790647739471576,0.5783826723097519,1.1574474462569098,0.0006821016374057634,0.0006821016374056743,2.220446049250313e-16,6.0,5.073903478101762,-0.0386797035986008,-0.441965691405108,31.0,23.720512880011427,0.540599905184819,0.2060869879268265,18.646609401909664,25.0,0.5792796087834199,0.6480526793319346
PAIR_349,C10_P3,C14_P1,274.0,0.639465730814212,0.6345058878563121,1.273971618670524,0.004959842957899866,0.004959842957899863,0.0,6.0,5.073903478101762,-0.0386797035986008,-0.441965691405108,6.800000000000001,11.270433591597858,0.2021638256941889,-0.045111164156665,6.196530113496095,0.8000000000000007,0.24084352929278968,0.396854527248443
PAIR_350,C10_P3,C14_P3,274.0,0.6929214313466088,0.6945376683298397,1.3874590996764482,-0.0016162369832308187,0.0016162369832308787,2.220446049250313e-16,6.0,5.073903478101762,-0.0386797035986008,-0.441965691405108,5.2,9.379346353417676,-0.2710026256991154,-0.0030550817914076,4.305442875315913,0.7999999999999998,0.23232292210051458,0.4389106096137004
PAIR_351,C11_P1,C11_P3,271.6,0.4264235441527911,0.4286883013425409,0.8551118454953319,-0.002264757189749755,0.0022647571897497776,0.0,6.4,5.522465209787678,-0.2871785157788312,-0.1336104833641185,18.4,15.913468672022562,-0.4208580503338558,-0.3358837517349125,10.391003462234885,11.999999999999998,0.13367953455502463,0.20227326837079398
PAIR_352,C11_P1,C12_P1,271.6,0.5987546238990461,0.5790868327944234,1.1778414566934694,0.019667791104622766,0.01966779110462269,2.220446049250313e-16,6.4,5.522465209787678,-0.2871785157788312,-0.1336104833641185,41.2,32.7799241782221,-0.242299645561289,-0.5405839470219056,27.257458968434424,34.800000000000004,0.044878870217542194,0.4069734636577871
PAIR_353,C11_P1,C12_P3,271.6,0.5649083056485642,0.558940132236784,1.1238484378853482,0.005968173411780286,0.005968173411780242,0.0,6.4,5.522465209787678,-0.2871785157788312,-0.1336104833641185,16.8,13.612856105086433,-0.2456633712033578,-0.5813479143446298,8.090390895298754,10.4,0.041515144575473395,0.44773743098051133
PAIR_354,C11_P1,C13_P1,271.40000000000003,0.5711115224328571,0.5859099390659335,1.1570214614987904,-0.014798416633076425,0.01479841663307635,2.220446049250313e-16,6.4,5.522465209787678,-0.2871785157788312,-0.1336104833641185,11.2,10.08242476496059,-0.3829177362862536,-0.0189544463205986,4.559959555172912,4.799999999999999,0.0957392205074224,0.11465603704351988
PAIR_355,C11_P1,C13_P3,271.6,0.6005652077134801,0.5949767254137074,1.1955419331271877,0.005588482299772863,0.005588482299772712,2.220446049250313e-16,6.4,5.522465209787678,-0.2871785157788312,-0.1336104833641185,31.0,23.720512880011427,0.540599905184819,0.2060869879268265,18.198047670223747,24.6,0.8277784209636503,0.33969747129094496
PAIR_356,C11_P1,C14_P1,271.6,0.6697398546888427,0.650010169276464,1.3197500239653068,0.01972968541237862,0.019729685412378628,2.220446049250313e-16,6.4,5.522465209787678,-0.2871785157788312,-0.1336104833641185,6.800000000000001,11.270433591597858,0.2021638256941889,-0.045111164156665,5.747968381810179,0.40000000000000036,0.4893423414730201,0.08849931920745349
PAIR_357,C11_P1,C14_P3,271.40000000000003,0.6269769352192617,0.6260040850974352,1.2529810203166971,0.0009728501218265339,0.0009728501218264629,2.220446049250313e-16,6.4,5.522465209787678,-0.2871785157788312,-0.1336104833641185,5.2,9.379346353417676,-0.2710026256991154,-0.0030550817914076,3.8568811436299972,1.2000000000000002,0.016175890079715816,0.1305554015727109
PAIR_358,C11_P3,C12_P1,272.0,0.5223482414363593,0.5042638139359037,1.026612055372263,0.018084427500455625,0.01808442750045558,2.220446049250313e-16,18.4,15.913468672022562,-0.4208580503338558,-0.3358837517349125,41.2,32.7799241782221,-0.242299645561289,-0.5405839470219056,16.866455506199543,22.800000000000004,0.17855840477256682,0.20470019528699313
PAIR_359,C11_P3,C12_P3,272.0,0.6054019984727436,0.5993495171105504,1.2047515155832937,0.006052481362193111,0.006052481362193163,2.220446049250313e-16,18.4,15.913468672022562,-0.4208580503338558,-0.3358837517349125,16.8,13.612856105086433,-0.2456633712033578,-0.5813479143446298,2.3006125669361293,1.5999999999999979,0.17519467913049802,0.24546416260971737
PAIR_360,C11_P3,C13_P1,271.8,0.5420660599341609,0.5523815772840734,1.0944476372182343,-0.0103155173499125,0.01031551734991254,0.0,18.4,15.913468672022562,-0.4208580503338558,-0.3358837517349125,11.2,10.08242476496059,-0.3829177362862536,-0.0189544463205986,5.8310439070619715,7.199999999999999,0.03794031404760223,0.31692930541431386
PAIR_361,C11_P3,C13_P3,272.0,0.5456035758026315,0.5403162580361611,1.0859198338387925,0.005287317766470434,0.005287317766470401,2.220446049250313e-16,18.4,15.913468672022562,-0.4208580503338558,-0.3358837517349125,31.0,23.720512880011427,0.540599905184819,0.2060869879268265,7.807044207988865,12.600000000000001,0.9614579555186749,0.541970739661739
PAIR_362,C11_P3,C14_P1,272.0,0.6334447810603617,0.6143075952683037,1.2477523763286655,0.019137185792057972,0.01913718579205803,2.220446049250313e-16,18.4,15.913468672022562,-0.4208580503338558,-0.3358837517349125,6.800000000000001,11.270433591597858,0.2021638256941889,-0.045111164156665,4.6430350804247045,11.599999999999998,0.6230218760280447,0.2907725875782475
PAIR_363,C11_P3,C14_P3,271.8,0.6556767431181325,0.6515514991797742,1.307228242297907,0.004125243938358389,0.004125243938358336,2.220446049250313e-16,18.4,15.913468672022562,-0.4208580503338558,-0.3358837517349125,5.2,9.379346353417676,-0.2710026256991154,-0.0030550817914076,6.5341223186048865,13.2,0.14985542463474044,0.33282866994350485
PAIR_364,C12_P1,C12_P3,274.6,0.48731790090411625,0.4881727281343372,0.9754906290384536,-0.000854827230221056,0.0008548272302209559,1.1102230246251565e-16,41.2,32.7799241782221,-0.242299645561289,-0.5405839470219056,16.8,13.612856105086433,-0.2456633712033578,-0.5813479143446298,19.16706807313567,24.400000000000002,0.003363725642068799,0.04076396732272425
PAIR_365,C12_P1,C13_P1,274.40000000000003,0.515523246315861,0.5157272326847618,1.031250479000623,-0.00020398636890079088,0.00020398636890084365,2.220446049250313e-16,41.2,32.7799241782221,-0.242299645561289,-0.5405839470219056,11.2,10.08242476496059,-0.3829177362862536,-0.0189544463205986,22.69749941326151,30.000000000000004,0.1406180907249646,0.521629500701307
PAIR_366,C12_P1,C13_P3,274.6,0.2784738844580915,0.2793237336721397,0.5577976181302313,-0.0008498492140482252,0.0008498492140481817,1.1102230246251565e-16,41.2,32.7799241782221,-0.242299645561289,-0.5405839470219056,31.0,23.720512880011427,0.540599905184819,0.2060869879268265,9.059411298210676,10.200000000000003,0.7828995507461081,0.7466709349487322
PAIR_367,C12_P1,C14_P1,274.6,0.41139564684595253,0.4113079979643174,0.8227036448102699,8.764888163523205e-05,8.76488816351495e-05,0.0,41.2,32.7799241782221,-0.242299645561289,-0.5405839470219056,6.800000000000001,11.270433591597858,0.2021638256941889,-0.045111164156665,21.509490586624246,34.400000000000006,0.4444634712554779,0.4954727828652406
PAIR_368,C12_P1,C14_P3,274.40000000000003,0.6313475330713664,0.6314833237647315,1.2628308568360977,-0.00013579069336514538,0.00013579069336511207,0.0,41.2,32.7799241782221,-0.242299645561289,-0.5405839470219056,5.2,9.379346353417676,-0.2710026256991154,-0.0030550817914076,23.40057782480443,36.0,0.028702980137826378,0.537528865230498
PAIR_369,C12_P3,C13_P1,274.40000000000003,0.419809787627918,0.4187147428409138,0.8385245304688318,0.0010950447870041876,0.0010950447870041735,0.0,16.8,13.612856105086433,-0.2456633712033578,-0.5813479143446298,11.2,10.08242476496059,-0.3829177362862536,-0.0189544463205986,3.5304313401258423,5.600000000000001,0.1372543650828958,0.5623934680240312
PAIR_370,C12_P3,C13_P3,274.6,0.4790863297056737,0.4790813516895008,0.9581676813951745,4.978016172759643e-06,4.978016172940691e-06,0.0,16.8,13.612856105086433,-0.2456633712033578,-0.5813479143446298,31.0,23.720512880011427,0.540599905184819,0.2060869879268265,10.107656774924994,14.2,0.7862632763881768,0.7874349022714564
PAIR_371,C12_P3,C14_P1,274.6,0.4849610662827216,0.4840185901708654,0.968979656453587,0.0009424761118561587,0.0009424761118562164,1.1102230246251565e-16,16.8,13.612856105086433,-0.2456633712033578,-0.5813479143446298,6.800000000000001,11.270433591597858,0.2021638256941889,-0.045111164156665,2.342422513488575,10.0,0.4478271968975467,0.5362367501879648
PAIR_372,C12_P3,C14_P3,274.40000000000003,0.44674685021815974,0.4455836097556199,0.8923304599737796,0.001163240462539885,0.0011632404625398496,0.0,16.8,13.612856105086433,-0.2456633712033578,-0.5813479143446298,5.2,9.379346353417676,-0.2710026256991154,-0.0030550817914076,4.233509751668757,11.600000000000001,0.02533925449575758,0.5782928325532223
PAIR_373,C13_P1,C13_P3,274.40000000000003,0.4003846145281129,0.4020931894230487,0.8024778039511616,-0.0017085748949357503,0.0017085748949358104,0.0,11.2,10.08242476496059,-0.3829177362862536,-0.0189544463205986,31.0,23.720512880011427,0.540599905184819,0.2060869879268265,13.638088115050836,19.8,0.9235176414710726,0.2250414342474251
PAIR_374,C13_P1,C14_P1,274.40000000000003,0.46339361544919033,0.46331442703809067,0.926708042487281,7.918841109965467e-05,7.918841109966213e-05,0.0,11.2,10.08242476496059,-0.3829177362862536,-0.0189544463205986,6.800000000000001,11.270433591597858,0.2021638256941889,-0.045111164156665,1.188008826637267,4.399999999999999,0.5850815619804425,0.026156717836066403
PAIR_375,C13_P1,C14_P3,274.40000000000003,0.4773304616980424,0.4772622660225067,0.9545927277205493,6.819567553568431e-05,6.819567553567607e-05,2.220446049250313e-16,11.2,10.08242476496059,-0.3829177362862536,-0.0189544463205986,5.2,9.379346353417676,-0.2710026256991154,-0.0030550817914076,0.703078411542915,5.999999999999999,0.11191511058713821,0.015899364529191
PAIR_376,C13_P3,C14_P1,274.6,0.3425532675077905,0.34161576941210714,0.6841690369198976,0.0009374980956834379,0.0009374980956833867,0.0,31.0,23.720512880011427,0.540599905184819,0.2060869879268265,6.800000000000001,11.270433591597858,0.2021638256941889,-0.045111164156665,12.45007928841357,24.2,0.33843607949063015,0.2511981520834915
PAIR_377,C13_P3,C14_P3,274.40000000000003,0.5769613443711054,0.5751845738006339,1.1521459181717393,0.001776770570471551,0.001776770570471431,0.0,31.0,23.720512880011427,0.540599905184819,0.2060869879268265,5.2,9.379346353417676,-0.2710026256991154,-0.0030550817914076,14.341166526593751,25.8,0.8116025308839344,0.2091420697182341
PAIR_378,C14_P1,C14_P3,274.40000000000003,0.40142782303715524,0.4014388157727192,0.8028666388098744,-1.099273556390562e-05,1.0992735563986056e-05,0.0,6.800000000000001,11.270433591597858,0.2021638256941889,-0.045111164156665,5.2,9.379346353417676,-0.2710026256991154,-0.0030550817914076,1.891087238180182,1.6000000000000005,0.47316645139330427,0.0420560823652574
